epoch,Training Loss,Valid. Loss,Learning Rate,Weight Decay,Drop out Rate,Pearson,Pearson Some,Kappa,Kappa Some,Pearson (Anger),Pearson some (Anger),Kappa (Anger),Kappa some (Anger),Pearson (Fear),Pearson some (Fear),Kappa (Fear),Kappa some (Fear),Pearson (Joy),Pearson some (Joy),Kappa (Joy),Kappa some (Joy),Pearson (Sadness),Pearson some (Sadness),Kappa (Sadness),Kappa some (Sadness),Training Time,Validation Time
2,1.002870478,1.252138556,2e-05,0.8,0.1,0.42171617,0.34913061799999995,0.403652594,0.291654364,0.462392969,0.303016904,0.453042286,0.25591131300000003,0.273454058,0.157633642,0.24912727399999998,0.128907864,0.522013484,0.536543762,0.490333919,0.450212264,0.42900416700000005,0.39932816600000004,0.422106895,0.331586015,00:03:56,00:04:17
3,0.8035584509999999,1.3834568180000002,2e-05,0.8,0.1,0.415636665,0.329034412,0.394228819,0.272912569,0.47239431600000004,0.250757997,0.45928501200000005,0.227312951,0.278830841,0.161871294,0.249500448,0.138790036,0.482027531,0.545032526,0.445407589,0.413674317,0.42929397,0.358475831,0.422722229,0.31187297,00:03:56,00:04:17
4,0.625573375,1.6123944680000002,2e-05,0.8,0.1,0.423615705,0.34826875700000004,0.403650723,0.302982205,0.46274934799999995,0.24623707399999997,0.443197441,0.232966093,0.264122095,0.210363808,0.234996998,0.18675945100000002,0.511686106,0.566076235,0.48628895,0.454384048,0.45590527200000003,0.37039791200000005,0.45011950100000003,0.33781922700000006,00:03:56,00:04:17
5,0.480429979,1.778095341,2e-05,0.8,0.1,0.457632375,0.34493784,0.436234988,0.298991768,0.502839667,0.22520470399999998,0.488178695,0.211700744,0.344661665,0.20914387,0.306688408,0.19451671,0.503303055,0.5555643370000001,0.474612959,0.43919229,0.479725115,0.38983845100000003,0.47545989,0.35055732700000003,00:03:56,00:04:18
1,1.226787207,1.222965432,2e-05,0.8,0.1,0.389547769,0.322590918,0.365308074,0.248952824,0.459916851,0.258901006,0.44913287700000004,0.21556435699999998,0.267843726,0.189834401,0.243856643,0.14942961,0.33477983,0.428886128,0.288626389,0.284673553,0.49565066799999996,0.412742137,0.47961638700000003,0.346143775,00:03:55,00:04:17
1,1.23976152,1.2228171,2e-05,0.9,0.1,0.323042549,0.280991041,0.302767346,0.17719785899999999,0.412314853,0.306737212,0.405060738,0.209926728,0.241478298,0.143340729,0.23658962100000003,0.093667685,0.14478063300000002,0.284876742,0.090861019,0.11730713699999999,0.493596411,0.38900948,0.478558005,0.287889885,00:03:56,00:04:18
2,1.023619448,1.279093249,2e-05,0.9,0.1,0.44668916,0.35488058200000006,0.417940604,0.27185029899999996,0.521210465,0.302324515,0.513108715,0.254289816,0.391387018,0.306302935,0.357731452,0.251884173,0.379457815,0.46410781799999995,0.314773863,0.293404966,0.49470134200000004,0.346787059,0.486148386,0.28782224300000003,00:03:56,00:04:17
3,0.828798058,1.3764839169999998,2e-05,0.9,0.1,0.43446065899999997,0.324601586,0.411490179,0.276921945,0.504249851,0.313679357,0.486517163,0.290949254,0.305170801,0.14093523,0.273968872,0.124727578,0.44932202200000004,0.467244476,0.41356227,0.35712125,0.479099961,0.37654728,0.471912412,0.3348897,00:03:56,00:04:17
4,0.649795631,1.537669401,2e-05,0.9,0.1,0.433902811,0.34829324799999994,0.40927734600000004,0.281706544,0.47558846,0.252036942,0.46529622,0.22368033399999998,0.30422686,0.22208941100000001,0.276393337,0.18668041800000001,0.469525261,0.528679074,0.417138224,0.37608687,0.486270663,0.390367566,0.478281601,0.34037855200000006,00:03:56,00:04:17
5,0.501324277,1.8374958630000002,2e-05,0.9,0.1,0.447601439,0.348469431,0.415613021,0.32869389,0.43921463,0.273245153,0.40285988899999997,0.260639537,0.337520925,0.165114662,0.27684217699999997,0.157092856,0.537792731,0.515321982,0.531358794,0.48161415,0.47587747,0.440195925,0.45139122299999995,0.415429015,00:03:56,00:04:17
1,1.253640632,1.218576622,2e-05,0.95,0.1,0.335429126,0.266499647,0.313772163,0.172294382,0.43093976100000003,0.23872183,0.41930026200000003,0.162926058,0.26438960699999997,0.142070977,0.254175795,0.098370993,0.145398812,0.290804022,0.096956675,0.128612071,0.500988326,0.394401758,0.484655921,0.29926840600000004,00:03:56,00:04:17
2,1.0306207170000001,1.253575553,2e-05,0.95,0.1,0.41059422,0.302716781,0.392307281,0.23367955199999998,0.5152858229999999,0.263600077,0.510462328,0.218960658,0.296172287,0.207783933,0.279219829,0.161871883,0.392681309,0.42935941200000005,0.34663251799999995,0.30105703100000003,0.438237462,0.310123704,0.43291445100000003,0.252828636,00:03:56,00:04:17
3,0.833453489,1.4385532090000002,2e-05,0.95,0.1,0.391579633,0.300444113,0.367243318,0.259480744,0.410577851,0.260537316,0.396206524,0.225044881,0.310963541,0.167910256,0.264766989,0.149535755,0.40665394899999996,0.422171714,0.38384266,0.351578118,0.43812319299999997,0.351157166,0.424157102,0.311764224,00:03:56,00:04:18
4,0.63678546,1.563803981,2e-05,0.95,0.1,0.44248186799999994,0.329021573,0.42154779700000006,0.282905698,0.530562133,0.347993829,0.51904462,0.319731795,0.34164283700000003,0.166635502,0.302520595,0.15374507199999998,0.432766372,0.485024619,0.40470878,0.37444543,0.464956131,0.31643234,0.45991719200000003,0.28370049199999997,00:03:56,00:04:18
5,0.46608839799999996,2.029021258,2e-05,0.95,0.1,0.399573926,0.32041703,0.360339219,0.29039302300000003,0.450931594,0.254327512,0.40868751600000003,0.24118917899999998,0.349176628,0.17285069600000003,0.27220583600000003,0.161773638,0.393450367,0.507986945,0.38477931200000004,0.43760948,0.404737115,0.34650296700000005,0.37568421399999996,0.320999795,00:03:56,00:04:17
1,1.224951947,1.21375411,2.9999999999999997e-05,0.8,0.1,0.393812868,0.297024454,0.36704628,0.20447808,0.538262539,0.262425439,0.53138217,0.21143875899999998,0.278829156,0.23338936600000001,0.267532732,0.16981132100000002,0.280515523,0.388798055,0.202446612,0.199202817,0.477644255,0.30348495600000003,0.46682360799999995,0.237459421,00:03:56,00:04:17
2,0.9745874459999999,1.285550953,2.9999999999999997e-05,0.8,0.1,0.42102933600000003,0.314705267,0.39219252,0.26467091,0.5269179310000001,0.269251162,0.500454408,0.244631417,0.32468880899999997,0.21856923600000003,0.279042992,0.186718413,0.40958250799999996,0.47010017,0.379349634,0.36789795299999994,0.422928095,0.300900499,0.40992304700000004,0.259435856,00:03:56,00:04:17
3,0.741036329,1.5649790430000001,2.9999999999999997e-05,0.8,0.1,0.414582821,0.333737489,0.364263843,0.293241761,0.477832815,0.268440076,0.424315526,0.24479364399999998,0.371781356,0.26043507,0.2898844,0.228923583,0.379197409,0.468800124,0.35325602100000003,0.3983967,0.429519704,0.337274687,0.389599426,0.300853117,00:03:56,00:04:17
4,0.530119134,1.808183069,2.9999999999999997e-05,0.8,0.1,0.427277962,0.34462177200000005,0.373690432,0.315969028,0.486356578,0.33116540899999997,0.426446086,0.31026268100000004,0.359099396,0.21244874800000002,0.26517057899999996,0.192671167,0.426462401,0.5042867289999999,0.411340472,0.455859261,0.43719347399999997,0.330586204,0.39180459,0.305083005,00:03:56,00:04:17
5,0.39053594,1.930987835,2.9999999999999997e-05,0.8,0.1,0.442648975,0.346365973,0.414630622,0.303062224,0.516333623,0.30609328199999997,0.491436725,0.289437498,0.33609779799999995,0.224095204,0.290566402,0.20504050399999998,0.45863955799999995,0.5040597689999999,0.43013376299999995,0.39599841,0.45952492,0.35121563899999997,0.446385598,0.32177248399999997,00:03:56,00:04:17
1,1.238003856,1.25939014,2.9999999999999997e-05,0.9,0.1,0.393960638,0.301543037,0.36806511700000005,0.242753894,0.39736464200000005,0.22043179899999998,0.38176922,0.18424362800000002,0.286385323,0.13384574,0.252858756,0.11161512,0.394009111,0.454084516,0.35704437899999997,0.33783928399999996,0.49808347700000005,0.397810093,0.480588115,0.337317543,00:03:56,00:04:18
2,1.034780466,1.201331079,2.9999999999999997e-05,0.9,0.1,0.461576699,0.34240517299999995,0.43860437399999996,0.258533732,0.472031424,0.225914791,0.46896223,0.175149182,0.32594713,0.215782167,0.314345998,0.16867469899999998,0.502675151,0.516753264,0.434119628,0.358199165,0.545653089,0.41117047100000004,0.536989641,0.33211188199999997,00:03:56,00:04:17
3,0.8084296609999999,1.2669369879999999,2.9999999999999997e-05,0.9,0.1,0.492632774,0.381861988,0.469934766,0.312871343,0.54660498,0.34244585899999996,0.544204403,0.2974289,0.372195294,0.240919598,0.345451764,0.21039725399999998,0.50100969,0.5330425520000001,0.441526611,0.379587015,0.550721131,0.411039941,0.5485562860000001,0.364072202,00:03:56,00:04:17
4,0.604586398,1.561486274,2.9999999999999997e-05,0.9,0.1,0.42738916200000004,0.311197478,0.40047442299999997,0.280610078,0.42412987399999996,0.20932300399999998,0.401971686,0.19192922,0.325530747,0.209658017,0.271776236,0.19433575600000003,0.491008075,0.502799844,0.4774996,0.436516986,0.46888795299999997,0.323009048,0.450650171,0.29965835,00:03:56,00:04:17
5,0.453729029,1.882042701,2.9999999999999997e-05,0.9,0.1,0.45169255399999997,0.318212132,0.41106444200000003,0.287135063,0.491118321,0.287472706,0.45255528700000003,0.27651917600000003,0.35570099899999996,0.18117472699999998,0.284026147,0.16965871,0.46361475399999996,0.505109394,0.44297689,0.418025346,0.49633614299999995,0.2990917,0.46469944399999996,0.28433701899999997,00:03:56,00:04:17
1,1.239116933,1.382965321,2.9999999999999997e-05,0.95,0.1,0.328506532,0.310830879,0.270687426,0.270874948,0.38605586700000005,0.267166318,0.31913008,0.240427783,0.232345575,0.214099001,0.163665089,0.184643234,0.347104541,0.422563135,0.30869273,0.356759692,0.348520145,0.33949506100000004,0.291261805,0.301669082,00:03:56,00:04:18
2,0.9859752620000001,1.278236435,2.9999999999999997e-05,0.95,0.1,0.417198291,0.33487705100000004,0.39993524,0.267025189,0.51599429,0.346659647,0.512471514,0.302482319,0.306807961,0.22069885600000003,0.290481019,0.184694385,0.411569605,0.436753215,0.363379345,0.307768325,0.43442130799999995,0.335396486,0.433409084,0.273155727,00:03:56,00:04:18
3,0.719702953,1.460641971,2.9999999999999997e-05,0.95,0.1,0.459977154,0.36335734399999997,0.43770914299999997,0.29385453100000003,0.528167634,0.36080466,0.5234512929999999,0.317023558,0.35730821799999996,0.228865873,0.333708748,0.200272712,0.48060302299999996,0.530187612,0.421184898,0.371422375,0.47382973899999997,0.333571233,0.47249163200000005,0.28669948,00:03:56,00:04:17
4,0.510074134,1.5519070830000001,2.9999999999999997e-05,0.95,0.1,0.445434825,0.355966437,0.43528350899999996,0.304341117,0.49422234600000003,0.33632909200000005,0.48968326,0.290923218,0.28587729999999995,0.143139666,0.267770971,0.122352529,0.553011212,0.561123852,0.535646207,0.479471715,0.448628442,0.38327313799999996,0.4480335999999999,0.324617005,00:03:55,00:04:17
5,0.388098979,2.045930028,2.9999999999999997e-05,0.95,0.1,0.437029209,0.348599115,0.40738596200000005,0.328343747,0.46690811299999996,0.32358067100000004,0.42873849,0.30985818800000003,0.278709658,0.14607664199999998,0.229373145,0.139713971,0.5384938229999999,0.57572253,0.5298419679999999,0.529713349,0.464005241,0.349016619,0.441590246,0.334089478,00:03:56,00:04:17
1,1.245468106,1.353249819,5e-05,0.8,0.1,0.361726269,0.295932454,0.315476139,0.236816988,0.44794059,0.262305306,0.40253881799999996,0.219077771,0.306264372,0.264644846,0.23671296600000002,0.214508289,0.22786845600000002,0.318264497,0.206078139,0.228592607,0.46483166,0.338515167,0.41657463100000003,0.285089284,00:03:56,00:04:18
2,1.038463144,1.28811448,5e-05,0.8,0.1,0.406611847,0.317768251,0.367921619,0.282534683,0.418423363,0.257706055,0.382703777,0.250119455,0.30074305100000004,0.177949407,0.244811488,0.171261124,0.462863188,0.527916704,0.43321460700000003,0.41333306700000005,0.444417785,0.307500838,0.410956602,0.295425085,00:03:56,00:04:18
3,0.8085614609999999,1.348565085,5e-05,0.8,0.1,0.469696171,0.35292450700000005,0.445556157,0.296224272,0.477359615,0.235451645,0.46665784899999996,0.20798808100000002,0.39082174399999997,0.275658282,0.354309389,0.24797797300000002,0.497494382,0.52523692,0.456448233,0.39857157,0.513108944,0.375351179,0.5048091579999999,0.330359465,00:03:56,00:04:17
4,0.57142534,1.5555036690000001,5e-05,0.8,0.1,0.408569384,0.30624394899999996,0.39867809200000004,0.250918745,0.40230397100000004,0.18784047899999998,0.399990819,0.151731242,0.22838941899999998,0.146739561,0.21884918399999997,0.114660115,0.570684324,0.545011686,0.542995007,0.449365012,0.43289982299999996,0.34538407200000004,0.432877358,0.28791861,00:03:56,00:04:17
5,0.41743982399999996,1.865659895,5e-05,0.8,0.1,0.45621298600000004,0.347996914,0.415485834,0.320987582,0.449331279,0.21636352399999997,0.40409787399999997,0.20825167600000002,0.361425686,0.204634598,0.286460752,0.193391445,0.509364069,0.532261292,0.499650999,0.466726263,0.504730908,0.43872824299999996,0.471733712,0.415580942,00:03:56,00:04:17
1,1.210213424,1.363659916,5e-05,0.9,0.1,0.357470069,0.30573264699999997,0.325777004,0.26443687899999996,0.423900454,0.261768858,0.38599090799999997,0.234909072,0.242759239,0.187824463,0.20004660300000002,0.163959783,0.353702046,0.41783683899999996,0.331659645,0.339131014,0.409518536,0.35550042600000004,0.385410861,0.319747646,00:03:56,00:04:18
2,0.9684226090000001,1.362138611,5e-05,0.9,0.1,0.377734946,0.29174635600000004,0.354799816,0.24991328100000001,0.387061218,0.148554771,0.368093027,0.13518049699999998,0.25014701100000003,0.223435355,0.215774188,0.189070075,0.487498737,0.525220395,0.46018663,0.435920831,0.386232819,0.269774905,0.37514541799999995,0.239481721,00:03:56,00:04:18
3,0.705491113,1.557123604,5e-05,0.9,0.1,0.417359335,0.305043507,0.37112455299999997,0.261802225,0.522223317,0.298456579,0.47510457,0.29058949,0.357892196,0.18620505399999998,0.284477212,0.176690947,0.30558021,0.42505729600000003,0.267318227,0.281935074,0.483741618,0.310455098,0.457598204,0.29799339,00:03:56,00:04:18
4,0.505649574,1.7036448219999998,5e-05,0.9,0.1,0.466783335,0.330804084,0.447686935,0.296566483,0.50269365,0.248620405,0.49053083399999997,0.23215780800000002,0.34077142200000005,0.21692341199999998,0.300139738,0.200858872,0.547086001,0.558424054,0.529780724,0.475115015,0.476582265,0.299248464,0.470296444,0.278134235,00:03:56,00:04:18
5,0.39677848,1.9230005380000001,5e-05,0.9,0.1,0.466036145,0.366449834,0.428736469,0.33859716100000004,0.484032187,0.268481454,0.444741299,0.258876717,0.329368277,0.23816020100000002,0.266368655,0.229786297,0.541792582,0.589566842,0.530896626,0.5068884260000001,0.508951534,0.369590838,0.472939295,0.358837203,00:03:56,00:04:18
1,1.229068687,1.210877228,5e-05,0.95,0.1,0.362172865,0.307727582,0.34334635700000005,0.211994126,0.441377508,0.285017456,0.432139636,0.197184285,0.203797427,0.163912007,0.20037495,0.102439024,0.371151897,0.45954400700000003,0.32248545,0.312350238,0.432364628,0.322436858,0.41838539399999997,0.236002956,00:03:56,00:04:18
2,0.991422183,1.295781612,5e-05,0.95,0.1,0.41403201100000003,0.305374357,0.391445172,0.236002879,0.47144472600000004,0.261907917,0.46474369,0.211383475,0.308232315,0.238796989,0.285844683,0.190035216,0.36546519200000005,0.38047011399999997,0.31431095,0.25734751899999997,0.51098581,0.340322406,0.500881365,0.285245307,00:03:56,00:04:17
3,0.719415192,1.575755941,5e-05,0.95,0.1,0.396314316,0.33080114899999996,0.364543722,0.292618064,0.411750544,0.266768739,0.37783191,0.23951811,0.25457292600000003,0.22331711399999998,0.210645723,0.194032135,0.5054802589999999,0.547318887,0.479743617,0.47946903399999996,0.413453533,0.285799855,0.38995363899999996,0.25745297699999997,00:03:56,00:04:17
4,0.5056154820000001,1.86370925,5e-05,0.95,0.1,0.424826241,0.31237791800000003,0.390277993,0.268552095,0.435090215,0.185414219,0.412462485,0.17463992600000003,0.353804613,0.270693562,0.301344595,0.257438278,0.444394164,0.494857573,0.398882736,0.356086625,0.46601597200000006,0.29854632,0.44842215399999996,0.286043552,00:03:56,00:04:17
5,0.37332182799999997,1.939267006,5e-05,0.95,0.1,0.39612068,0.315683874,0.364114317,0.289489276,0.395081257,0.207618932,0.363415779,0.197016985,0.27971901899999996,0.216501478,0.228022027,0.20358209,0.492527705,0.49168008399999996,0.47284736899999996,0.423433015,0.41715474,0.34693500299999996,0.392172091,0.33392501399999996,00:03:56,00:04:17
1,1.2668677259999999,1.295138883,2e-05,0.8,0.2,0.325211132,0.312935025,0.29531806899999996,0.25562154600000003,0.387471749,0.294483646,0.364778479,0.249982968,0.314668162,0.28238319,0.264377867,0.234654647,0.169015721,0.315338543,0.15396790900000001,0.22429258300000002,0.429688897,0.35953472,0.39814802200000005,0.313555986,00:03:56,00:04:17
2,1.060213962,1.246411769,2e-05,0.8,0.2,0.37661372600000004,0.316559876,0.358254315,0.233637034,0.502773955,0.30540544,0.49705870399999996,0.238337775,0.300878656,0.306516547,0.28505427,0.228666905,0.26817614,0.335544649,0.22509407399999998,0.213257449,0.434626151,0.31877286899999996,0.425810212,0.254286008,00:03:56,00:04:17
3,0.838897184,1.412877229,2e-05,0.8,0.2,0.415660828,0.318964239,0.39224641200000004,0.25705474,0.520667098,0.326393687,0.509237728,0.285121177,0.285883158,0.18216154399999998,0.257374888,0.152439902,0.41397041799999995,0.46708529299999996,0.36937044,0.334759995,0.44212263700000004,0.300216432,0.433002591,0.255897886,00:03:56,00:04:17
4,0.634508239,1.627150504,2e-05,0.8,0.2,0.413201539,0.330210098,0.388203584,0.290437823,0.471008879,0.316145114,0.445188484,0.288632202,0.31760771600000004,0.179277646,0.272582019,0.162904637,0.386448862,0.473775758,0.373123088,0.390630614,0.477740701,0.351641876,0.461920744,0.31958384100000004,00:03:56,00:04:17
5,0.476774339,1.81200573,2e-05,0.8,0.2,0.39814898299999996,0.339894307,0.37005903,0.309248199,0.452660758,0.32156914,0.423228434,0.301267804,0.339077202,0.22799618600000002,0.279003065,0.217041469,0.377054596,0.491446819,0.37052748399999996,0.42462118,0.423803375,0.318565084,0.40747713700000004,0.294062342,00:03:56,00:04:17
1,1.256853693,1.259519852,2e-05,0.9,0.2,0.38372678299999996,0.321252642,0.347330669,0.241607711,0.462845644,0.302634451,0.436396206,0.243271281,0.310816873,0.198737702,0.26330674800000003,0.159791944,0.24939677600000001,0.39717073399999997,0.20718736899999998,0.242301085,0.511847839,0.38646768200000003,0.482432353,0.321066535,00:03:56,00:04:17
2,1.0474452029999999,1.239905979,2e-05,0.9,0.2,0.41766773700000004,0.336656369,0.400072456,0.284907178,0.48255332799999995,0.28029055,0.4727153,0.245397828,0.283161386,0.206432865,0.257503336,0.174887892,0.439562821,0.454745334,0.413521486,0.36434606799999997,0.465393412,0.40515672700000005,0.456549703,0.35499692299999996,00:03:56,00:04:17
3,0.8594172240000001,1.363584977,2e-05,0.9,0.2,0.434883601,0.341522449,0.405961811,0.29682142699999997,0.523731972,0.298416765,0.49743853,0.28413453699999996,0.32137176300000003,0.219812473,0.273128613,0.201591032,0.38390083799999997,0.467455661,0.35506547899999996,0.34866335200000004,0.51052983,0.380404895,0.49821462,0.352896789,00:03:56,00:04:18
4,0.695160372,1.5494229640000001,2e-05,0.9,0.2,0.45578694,0.34402973299999995,0.425954538,0.294364255,0.535177145,0.308425442,0.511001268,0.290271983,0.343813136,0.200509667,0.298184889,0.18410041800000002,0.415860615,0.491025098,0.37793768299999997,0.35727652200000004,0.528296865,0.376158724,0.516694313,0.345808096,00:03:56,00:04:17
5,0.564345203,1.6941822219999998,2e-05,0.9,0.2,0.473675292,0.37060918,0.446562375,0.335258726,0.492508011,0.286975466,0.46739942799999995,0.266898533,0.35667633200000004,0.176661032,0.301463448,0.16541208300000002,0.526929965,0.581036943,0.5122563139999999,0.503865142,0.5185868610000001,0.437763278,0.5051303079999999,0.404859145,00:03:56,00:04:17
1,1.250087421,1.261832101,2e-05,0.95,0.2,0.381511524,0.317383111,0.350637665,0.25772150899999996,0.43404384,0.257107245,0.409190028,0.219730635,0.329646201,0.23553802,0.279369787,0.20091129100000002,0.257508529,0.404552319,0.233098694,0.286879809,0.504847527,0.37233485899999996,0.480892152,0.3233643,00:03:56,00:04:17
2,1.031399125,1.286969491,2e-05,0.95,0.2,0.42225699299999997,0.33921945299999995,0.39160933700000006,0.277834333,0.554659645,0.31152846100000003,0.524194508,0.279508871,0.29271008600000004,0.23062412699999998,0.256475197,0.192590537,0.356869073,0.441709109,0.321596771,0.317906845,0.484789168,0.373016116,0.46417087,0.32133108,00:03:56,00:04:17
3,0.8112568440000001,1.391127566,2e-05,0.95,0.2,0.424111161,0.348347584,0.39886315,0.295730708,0.486372474,0.286680955,0.46623246,0.25532853899999997,0.308266441,0.24425502899999998,0.269024502,0.21035988600000002,0.44112792100000003,0.5072709879999999,0.41436016,0.40934827,0.46067780700000005,0.355183365,0.44583547799999995,0.307886139,00:03:56,00:04:17
4,0.625390243,1.605458262,2e-05,0.95,0.2,0.42802282399999997,0.335129059,0.398313286,0.29804015,0.46910226,0.26483197399999997,0.441027072,0.24597605,0.30597297100000004,0.17600342100000002,0.253852638,0.16427615199999998,0.46367230200000004,0.5283054189999999,0.44389365799999997,0.43957281,0.473343763,0.37137542100000004,0.454479776,0.342335589,00:03:56,00:04:17
5,0.474993118,1.7853151269999998,2e-05,0.95,0.2,0.452819161,0.362432419,0.41819588,0.321877455,0.469572053,0.262410863,0.434994809,0.24305657600000002,0.352373041,0.229477392,0.28940802600000004,0.21121393600000002,0.495949708,0.538957804,0.478580781,0.45267994799999994,0.493381842,0.41888361799999996,0.469799905,0.380559359,00:03:56,00:04:17
1,1.251242439,1.197853388,2.9999999999999997e-05,0.8,0.2,0.313826145,0.23277099699999998,0.29853908100000004,0.146781087,0.48104599,0.289765482,0.466864151,0.19724381100000002,0.22668023699999998,0.10825416,0.222060019,0.068740439,0.042357817,0.154797817,0.020691685,0.046324221,0.505220535,0.378266528,0.484540469,0.274815878,00:03:56,00:04:18
2,1.041353334,1.265754464,2.9999999999999997e-05,0.8,0.2,0.420736348,0.340296225,0.393213211,0.279344555,0.48045061299999997,0.33097249,0.465768355,0.296854792,0.396247631,0.302632181,0.35322297399999997,0.269363026,0.324913889,0.43105925100000003,0.281168042,0.28401474,0.481333257,0.296520978,0.472693472,0.26714566300000003,00:03:56,00:04:17
3,0.8165314779999999,1.3311236290000001,2.9999999999999997e-05,0.8,0.2,0.42696103799999996,0.343356923,0.404125843,0.283632612,0.5197395020000001,0.314580714,0.507743889,0.291184051,0.290170093,0.151759793,0.266264275,0.132149565,0.414992421,0.491935065,0.364124375,0.337768629,0.48294213799999997,0.415152119,0.478370831,0.37342820299999996,00:03:56,00:04:17
4,0.625344597,1.6265505269999998,2.9999999999999997e-05,0.8,0.2,0.44826357899999997,0.377315164,0.41865504,0.324273374,0.48008639799999997,0.368152007,0.457207783,0.335620517,0.375473376,0.244216128,0.32444641399999996,0.224116275,0.419965363,0.508542049,0.388662185,0.38139266899999996,0.517529178,0.38835047100000003,0.5043037779999999,0.35596403600000004,00:03:56,00:04:18
5,0.487501626,1.7533946059999999,2.9999999999999997e-05,0.8,0.2,0.43227897299999996,0.34648960799999995,0.413346823,0.311201187,0.449445735,0.31545142,0.43225475700000004,0.287615117,0.33945490799999994,0.21163707699999998,0.298573016,0.197191575,0.507538141,0.521059478,0.49841583100000003,0.452420641,0.432677107,0.337810457,0.42414368700000005,0.307577415,00:03:56,00:04:17
1,1.235820079,1.224141668,2.9999999999999997e-05,0.9,0.2,0.34954501600000004,0.260672949,0.329141705,0.17933436600000002,0.502632756,0.285076674,0.494089159,0.21703994899999998,0.212499575,0.13998091,0.206031319,0.09382716,0.198320721,0.267587525,0.146613039,0.140942323,0.48472701100000004,0.350046688,0.469833306,0.265528033,00:03:56,00:04:18
2,1.00950169,1.316545214,2.9999999999999997e-05,0.9,0.2,0.408240466,0.343053099,0.36908702200000004,0.290564387,0.464107713,0.24608494,0.428412929,0.21878453,0.31665119,0.232408193,0.25844091,0.199021442,0.390747635,0.48173339600000004,0.362970943,0.387012212,0.461455325,0.411985867,0.426523305,0.357439364,00:03:56,00:04:18
3,0.7665849920000001,1.3120920459999998,2.9999999999999997e-05,0.9,0.2,0.438156531,0.328953342,0.420028134,0.277981412,0.502044512,0.245230463,0.49448466,0.216970827,0.32319940199999997,0.21858313199999999,0.291708619,0.188360935,0.441657255,0.464871961,0.415926051,0.368613304,0.485724954,0.387127811,0.47799320700000003,0.337980581,00:03:56,00:04:17
4,0.558356925,1.7336405259999998,2.9999999999999997e-05,0.9,0.2,0.437562195,0.338471665,0.41283274,0.30765466,0.519397259,0.31555529,0.487024516,0.301803497,0.306363724,0.151444935,0.262712115,0.143070045,0.427027162,0.479985855,0.417657868,0.40399176700000006,0.497460634,0.40690058100000004,0.48393646,0.38175333,00:03:56,00:04:18
5,0.415585682,1.875817457,2.9999999999999997e-05,0.9,0.2,0.43269348,0.335133297,0.40552742299999994,0.305480651,0.496847087,0.331474067,0.46748833799999995,0.310505668,0.326406374,0.155181289,0.27249846699999997,0.145195455,0.43202063399999996,0.468610105,0.422544153,0.41217232600000003,0.475499825,0.385267725,0.459578735,0.354049155,00:03:56,00:04:17
1,1.245902547,1.235771827,2.9999999999999997e-05,0.95,0.2,0.342185429,0.29320556,0.32187681,0.218856784,0.424679956,0.20688272600000002,0.413719405,0.16789832100000002,0.321957855,0.342336153,0.294559833,0.268976692,0.14988447800000002,0.285309644,0.120349421,0.16238824599999999,0.472219427,0.338293719,0.458878578,0.276163877,00:03:54,00:04:16
2,1.004270642,1.331278502,2.9999999999999997e-05,0.95,0.2,0.39658666,0.35781234,0.36808251299999994,0.300470241,0.444800983,0.266050711,0.41917435200000003,0.238459308,0.30960929800000003,0.23492737,0.266859438,0.20164730100000003,0.413351089,0.540908081,0.38406686100000004,0.427660975,0.418585269,0.389363201,0.402229402,0.334113382,00:03:54,00:04:16
3,0.7579132820000001,1.442955421,2.9999999999999997e-05,0.95,0.2,0.408345315,0.302490233,0.384998865,0.259762494,0.477853719,0.23544274899999998,0.45564532,0.22138321100000002,0.31537904,0.16806023399999998,0.275880725,0.153579887,0.40579627100000004,0.475386775,0.38100320200000004,0.368960645,0.43435223100000003,0.331071176,0.427466213,0.295126232,00:03:54,00:04:16
4,0.5461971379999999,1.7987198309999999,2.9999999999999997e-05,0.95,0.2,0.445240895,0.33167412,0.40995188,0.29270316399999996,0.513299296,0.29467202800000003,0.48069959100000004,0.281521125,0.373029655,0.23617600800000002,0.30825722899999997,0.222025565,0.39427156799999996,0.454878392,0.368646431,0.34734614399999997,0.50036306,0.340970051,0.482204267,0.319919821,00:03:54,00:04:16
5,0.41252232899999997,1.9707080959999999,2.9999999999999997e-05,0.95,0.2,0.437594909,0.380842478,0.40694317799999996,0.333761384,0.470096223,0.316557401,0.442117427,0.285027381,0.33961636100000003,0.266511652,0.284191569,0.242864647,0.506030167,0.57807005,0.484567366,0.483922663,0.434636882,0.362230809,0.416896352,0.323230845,00:03:54,00:04:16
1,1.23067287,1.280736672,5e-05,0.8,0.2,0.374119054,0.294344203,0.34789323899999997,0.22701863,0.429485275,0.18071441800000002,0.41341144399999996,0.15335644199999998,0.296802465,0.311792564,0.267287523,0.25203252,0.295448834,0.38397037,0.24959926699999999,0.245516612,0.474739641,0.30089946,0.46127472,0.257168944,00:03:55,00:04:16
2,0.972152992,1.26681564,5e-05,0.8,0.2,0.40700231200000003,0.323015333,0.38593154399999996,0.24541669600000002,0.45263598299999996,0.211484769,0.448702602,0.172258135,0.301947093,0.292741015,0.286158666,0.228105362,0.421164315,0.469517546,0.360389743,0.314410746,0.452261856,0.318318,0.448475165,0.26689254,00:03:54,00:04:16
3,0.7259574320000001,1.449115677,5e-05,0.8,0.2,0.410494485,0.320967269,0.39144817,0.28284418699999997,0.391272578,0.167325045,0.37890561100000003,0.14799989300000002,0.311607015,0.245690247,0.271757586,0.21536744800000002,0.49256095200000005,0.540898789,0.47927313,0.469067712,0.44653739600000003,0.32995499699999997,0.435856353,0.298941695,00:03:54,00:04:16
4,0.519736956,1.751919746,5e-05,0.8,0.2,0.438765588,0.33892849399999997,0.41430716,0.28948737,0.42847865700000004,0.22354347100000002,0.415896431,0.199333315,0.337089866,0.240336995,0.299882771,0.22178760000000003,0.482842184,0.522134058,0.44459490799999996,0.395283635,0.506651645,0.369699454,0.49685452799999996,0.341544929,00:03:54,00:04:16
5,0.393825695,1.9227782230000001,5e-05,0.8,0.2,0.393158226,0.274122739,0.36881523200000005,0.250882561,0.381276144,0.101996646,0.36119783200000005,0.09564105099999999,0.322007905,0.211715545,0.27028721899999997,0.202798708,0.423841688,0.43094072899999997,0.41507216399999997,0.371641547,0.44550716799999995,0.35183803700000005,0.428703716,0.33344893800000003,00:03:54,00:04:16
1,1.225716069,1.328710074,5e-05,0.9,0.2,0.362678017,0.29884536899999997,0.318288336,0.259342609,0.38262179,0.181637645,0.336626431,0.16232544599999998,0.25666042899999997,0.238229804,0.202296647,0.20470725,0.34602567700000003,0.39387341299999995,0.311526433,0.32843103100000004,0.465404174,0.381640615,0.422703835,0.341906709,00:03:55,00:04:16
2,0.99062623,1.2962393970000001,5e-05,0.9,0.2,0.40569527299999997,0.33831440399999996,0.38515571299999996,0.27156207600000004,0.490584016,0.262012708,0.478194753,0.230971061,0.24969197199999998,0.258601355,0.22895513899999997,0.207912338,0.37050510600000003,0.48115002,0.329836402,0.335016368,0.511999999,0.35149353299999997,0.503636559,0.312348535,00:03:55,00:04:16
3,0.716100128,1.3608166080000001,5e-05,0.9,0.2,0.436198077,0.344026654,0.416266762,0.296641424,0.464989803,0.28061489300000003,0.450470896,0.256413583,0.295547365,0.22989347100000002,0.267818993,0.20610989899999999,0.545255893,0.539000337,0.511157489,0.429315147,0.43899924799999995,0.326597915,0.435619669,0.29472706600000004,00:03:54,00:04:16
4,0.516711853,1.885803907,5e-05,0.9,0.2,0.405678886,0.32233662,0.337186269,0.297985128,0.427872784,0.265367618,0.344571499,0.248113045,0.305019039,0.194298962,0.21211471,0.178741956,0.435919926,0.468601795,0.40555383700000003,0.428418652,0.453903796,0.361078104,0.386505029,0.33666686100000004,00:03:54,00:04:16
5,0.403256709,1.9253892330000002,5e-05,0.9,0.2,0.43145074,0.33768015100000004,0.411900504,0.291476341,0.461152876,0.28038403300000003,0.446818049,0.256781305,0.31991503600000004,0.244732945,0.28799846100000004,0.22077922100000003,0.461577611,0.502306561,0.434764552,0.39312954200000005,0.483157437,0.323297065,0.478020954,0.295215296,00:03:54,00:04:16
1,1.232391101,1.216546122,5e-05,0.95,0.2,0.336153351,0.273892077,0.322385558,0.206467631,0.481798952,0.312899881,0.475351983,0.261242761,0.209202671,0.10669783599999999,0.20083927899999998,0.078040837,0.277599678,0.352455433,0.242799341,0.238287005,0.376012102,0.323515158,0.37055163,0.248299923,00:03:55,00:04:16
2,0.9557370829999999,1.27695587,5e-05,0.95,0.2,0.397982392,0.305164305,0.384089808,0.231263465,0.384284305,0.161907685,0.38357866,0.12032903,0.297829703,0.219156662,0.290755041,0.16843328,0.44094865,0.45932700200000004,0.395904094,0.333566978,0.468866909,0.380265872,0.46612143899999997,0.302724571,00:03:54,00:04:16
3,0.67321281,1.5584596080000002,5e-05,0.95,0.2,0.408632761,0.32817965600000004,0.379211535,0.280470756,0.527576987,0.309291146,0.496177255,0.284821968,0.320235297,0.204326111,0.27641369,0.184369082,0.262256165,0.405800355,0.242720982,0.292767165,0.524462595,0.39330101,0.501534214,0.359924808,00:03:54,00:04:16
4,0.46696563,1.714058529,5e-05,0.95,0.2,0.405726873,0.32252617100000003,0.370537228,0.292049153,0.472353432,0.337588691,0.435474243,0.320384878,0.318164334,0.168464812,0.25409918600000003,0.159040959,0.39545420600000003,0.490835626,0.38556900200000005,0.408991489,0.436935522,0.293215554,0.407006482,0.279779285,00:03:54,00:04:16
5,0.34252149299999995,1.916628394,5e-05,0.95,0.2,0.416838195,0.31457424300000003,0.401503909,0.270518855,0.445106416,0.261264775,0.435903637,0.227493229,0.303939271,0.126183866,0.276444968,0.114454029,0.434523029,0.48365976899999996,0.416173549,0.387168646,0.483784063,0.387188564,0.477493483,0.352959515,00:03:54,00:04:16
1,1.27802961,1.24298162,2e-05,0.8,0.3,0.312269548,0.27769652300000003,0.29062684899999996,0.20676330399999998,0.35971881299999997,0.265223233,0.346971084,0.19834339199999998,0.216761715,0.13012795,0.19403657300000002,0.097050115,0.254774485,0.33061228800000003,0.22311230699999998,0.22498987,0.41782317700000005,0.384822622,0.39838743299999996,0.306669841,00:03:54,00:04:16
2,1.046558455,1.270811203,2e-05,0.8,0.3,0.41993193799999995,0.326069355,0.38826150200000004,0.264591487,0.49512841399999996,0.30621064600000003,0.472723743,0.26679208,0.343174071,0.207110607,0.296715949,0.179182156,0.34324580200000004,0.436354071,0.304247783,0.302349601,0.49817946700000004,0.354602095,0.479358533,0.310042111,00:03:54,00:04:16
3,0.8385697990000001,1.389776432,2e-05,0.8,0.3,0.430286774,0.316561041,0.408369814,0.26118685,0.49366688799999997,0.324164104,0.484119714,0.279582852,0.323291178,0.14662439900000002,0.289322035,0.12842873,0.417672875,0.45718152,0.38252974700000003,0.3423536,0.48651615600000003,0.33827414200000006,0.47750776,0.29438221800000003,00:03:54,00:04:16
4,0.6498771329999999,1.630824024,2e-05,0.8,0.3,0.444548644,0.346515795,0.40859038700000005,0.31696031399999997,0.473819392,0.307605968,0.43450471799999996,0.284866469,0.339548774,0.200573578,0.273548965,0.18614718600000002,0.520483302,0.538270812,0.510393286,0.481107912,0.444343108,0.339612824,0.415914579,0.31571968699999997,00:03:54,00:04:16
5,0.492899511,1.731728245,2e-05,0.8,0.3,0.44820837,0.328419749,0.42467967700000003,0.28939403199999997,0.5084088210000001,0.30422554399999996,0.492426329,0.281645667,0.374657855,0.21611746399999998,0.32740374,0.202546523,0.415302758,0.43216173700000005,0.39220960299999996,0.34093951200000006,0.494464045,0.361174249,0.486679034,0.332444426,00:03:54,00:04:16
1,1.287257123,1.274349065,2e-05,0.9,0.3,0.33259896,0.27030744,0.298032027,0.207309603,0.41798952799999994,0.311107048,0.38837636,0.24715353199999998,0.281311462,0.183011906,0.229873078,0.145080729,0.154098925,0.243087076,0.130507654,0.15312314300000002,0.476995923,0.344023729,0.443371015,0.283881006,00:03:55,00:04:16
2,1.067794249,1.195533368,2e-05,0.9,0.3,0.423141596,0.336370564,0.399642195,0.240393579,0.51504078,0.265055151,0.511318877,0.207556154,0.300064088,0.243884665,0.291174239,0.177877068,0.388783269,0.45662611200000003,0.317896477,0.284250145,0.488678249,0.379916329,0.47817918600000003,0.291890951,00:03:55,00:04:16
3,0.8518687709999999,1.307019213,2e-05,0.9,0.3,0.430461401,0.35855839799999994,0.411453299,0.29703147399999996,0.46023737299999995,0.275133483,0.45312485,0.237599776,0.32766680600000003,0.23731506100000002,0.29958185800000003,0.20689655199999998,0.5084977620000001,0.518753957,0.47112823200000004,0.406079019,0.42544366200000006,0.403031089,0.421978254,0.33755055,00:03:54,00:04:16
4,0.642924486,1.4705700119999998,2e-05,0.9,0.3,0.469415774,0.357915525,0.452464637,0.30795506300000003,0.556399702,0.33581697200000005,0.5479967570000001,0.30742857100000004,0.33317035,0.17780566399999997,0.304972987,0.162790698,0.506143734,0.518250309,0.47608466299999996,0.412871486,0.48194931,0.39978915600000003,0.48080413899999996,0.34872949799999997,00:03:54,00:04:16
5,0.480830582,2.118112385,2e-05,0.9,0.3,0.41396152700000005,0.336746709,0.35902231100000004,0.313155757,0.432070953,0.242721137,0.369039181,0.22872848199999998,0.297323926,0.19972350100000003,0.22056611899999998,0.18703292300000002,0.463032789,0.537012626,0.437570034,0.495106231,0.46341844,0.367529572,0.40891390899999996,0.34175539200000005,00:03:54,00:04:16
1,1.273601574,1.25661505,2e-05,0.95,0.3,0.308034894,0.252776555,0.279609175,0.194410424,0.397278291,0.236061033,0.365621559,0.19267646100000002,0.21171492100000003,0.117238732,0.18085779100000002,0.090961164,0.13059042099999998,0.292158566,0.114174126,0.189233772,0.49255594,0.365647888,0.457783225,0.30477029899999997,00:03:54,00:04:16
2,1.102442446,1.352120503,2e-05,0.95,0.3,0.36205058799999995,0.29848679100000003,0.318596207,0.25091772,0.406680879,0.21497447,0.362675984,0.192,0.34083907799999996,0.276316665,0.267248806,0.240549298,0.217108257,0.34329117299999995,0.198809077,0.250452252,0.483574138,0.359364856,0.44565096200000004,0.320669331,00:03:54,00:04:16
3,0.918337127,1.4406194509999999,2e-05,0.95,0.3,0.36433143799999995,0.286341875,0.322910698,0.236507518,0.44416604,0.281511847,0.404602739,0.253105631,0.33864513399999996,0.20248628300000002,0.266887748,0.177401488,0.214212359,0.34603308200000005,0.189399448,0.23255814,0.46030222,0.31533629,0.43075285700000004,0.282964813,00:03:55,00:04:16
4,0.744278697,1.461332311,2e-05,0.95,0.3,0.430394289,0.34043978399999997,0.411923449,0.27232475300000003,0.5265888479999999,0.307395776,0.521139998,0.261523022,0.37164162700000003,0.26151641600000003,0.346908845,0.224759805,0.32951588600000004,0.42655185700000003,0.29022998,0.290675313,0.49383079399999996,0.366295086,0.489414974,0.312340874,00:03:55,00:04:16
5,0.6037473729999999,1.75800139,2e-05,0.95,0.3,0.41606172,0.330079995,0.377137951,0.28662607,0.478589128,0.295828849,0.44441395200000006,0.269723852,0.375177406,0.266886481,0.301080505,0.243503544,0.339013579,0.426446867,0.320194478,0.332881176,0.471466768,0.33115778100000004,0.442862871,0.300395708,00:03:54,00:04:16
1,1.24981701,1.215964302,2.9999999999999997e-05,0.8,0.3,0.369347616,0.319754696,0.351960466,0.222463677,0.42453918700000004,0.23569266600000002,0.420202675,0.16943571,0.223921885,0.181210922,0.220033127,0.119421258,0.32814569,0.453594682,0.27840050899999996,0.28902131600000003,0.500783701,0.408520513,0.48920555299999996,0.31197642600000003,00:03:54,00:04:16
2,1.012309321,1.19210944,2.9999999999999997e-05,0.8,0.3,0.46376112799999997,0.36695067600000003,0.44603323799999994,0.300971775,0.550705224,0.319327273,0.5467453,0.285644461,0.35761439799999994,0.27075029899999997,0.338752155,0.228804087,0.409442515,0.460009369,0.36308214,0.32376302100000004,0.537282375,0.417715764,0.5355533579999999,0.36567553,00:03:54,00:04:16
3,0.7520196640000001,1.3771635880000002,2.9999999999999997e-05,0.8,0.3,0.44967234,0.362940359,0.43068324799999996,0.280720597,0.518313592,0.29290202,0.516741644,0.24297165,0.312478458,0.235595627,0.300637148,0.185102525,0.476967666,0.5106198470000001,0.41745487600000003,0.358468911,0.490929644,0.41264394,0.487899322,0.336339304,00:03:54,00:04:16
4,0.534383675,1.843827963,2.9999999999999997e-05,0.8,0.3,0.427393439,0.343710962,0.395214605,0.310901528,0.47732017600000004,0.304091059,0.440924875,0.28713404,0.299834156,0.18914848,0.246830799,0.178407503,0.42095400899999996,0.512483503,0.409008666,0.428783442,0.511465415,0.36912080700000005,0.484094079,0.349281127,00:03:54,00:04:16
5,0.399077729,2.096547386,2.9999999999999997e-05,0.8,0.3,0.46468003399999996,0.35252108600000004,0.42904154299999997,0.318677526,0.472300314,0.31741577,0.437242729,0.297423743,0.340298196,0.187018413,0.280880623,0.17553087899999997,0.503572482,0.530679073,0.486285405,0.44698825,0.542549145,0.37497108799999995,0.511757415,0.354767234,00:03:54,00:04:16
1,1.244512743,1.33955729,2.9999999999999997e-05,0.9,0.3,0.34568106200000004,0.295179108,0.305011019,0.25889265100000003,0.373948803,0.21896483,0.33112001,0.2001071,0.22666018899999998,0.183384436,0.17769947,0.159769592,0.404984106,0.449717277,0.37324846799999994,0.381736691,0.37713114799999997,0.328649889,0.337976126,0.293957222,00:03:54,00:04:16
2,1.005818887,1.322823772,2.9999999999999997e-05,0.9,0.3,0.449309974,0.347574884,0.41114377700000004,0.287421618,0.495568089,0.313173183,0.468800838,0.27600368399999997,0.35121584899999997,0.216809812,0.29232968800000003,0.18893448899999998,0.40801834200000003,0.484961146,0.367386128,0.351745381,0.5424376160000001,0.375355395,0.516058453,0.333002921,00:03:54,00:04:16
3,0.775269584,1.5224783240000002,2.9999999999999997e-05,0.9,0.3,0.38847294299999996,0.31710924,0.364643192,0.273508933,0.40435166,0.23425506899999998,0.386177738,0.207143043,0.280676251,0.165828845,0.240054008,0.147034798,0.39482002299999996,0.477622971,0.37604177299999997,0.39144571200000006,0.47404383899999997,0.39073007600000004,0.45629924899999996,0.348412179,00:03:54,00:04:16
4,0.552075134,1.6270522840000001,2.9999999999999997e-05,0.9,0.3,0.45621543700000006,0.357144491,0.428086129,0.320545757,0.519909744,0.361458117,0.49725120899999997,0.34524187,0.37294319200000003,0.20595659300000002,0.32024606699999997,0.19954802300000002,0.40837453700000004,0.483336554,0.385345438,0.37411978,0.523634275,0.3778267,0.5095018,0.363273355,00:03:54,00:04:16
5,0.41206099999999996,1.892642907,2.9999999999999997e-05,0.9,0.3,0.424467689,0.29046441300000003,0.39526826600000003,0.25753747,0.46700455,0.198823945,0.43973382200000005,0.19038076199999998,0.36274015200000004,0.151562685,0.306120799,0.146634081,0.385943661,0.474845125,0.36846689899999996,0.375636541,0.482182395,0.33662589600000004,0.46675154399999996,0.317498497,00:03:54,00:04:16
1,1.2382962929999999,1.272333809,2.9999999999999997e-05,0.95,0.3,0.38595394299999997,0.346122159,0.36130481799999997,0.28287540699999997,0.41200649100000003,0.2764197,0.400347103,0.221422051,0.259781284,0.23880208600000002,0.228487115,0.18995878600000002,0.461657321,0.49832470100000004,0.422284992,0.41051540200000003,0.410370677,0.37094215,0.39410006200000003,0.30960539,00:03:54,00:04:16
2,0.996576597,1.2332588009999998,2.9999999999999997e-05,0.95,0.3,0.42060014799999995,0.316466173,0.39679950700000005,0.221317975,0.46876275700000003,0.21539598699999998,0.464111129,0.15792473099999998,0.278365145,0.194408639,0.277348477,0.134587554,0.419421955,0.45241908,0.33886775700000005,0.281028406,0.515850735,0.403640987,0.506870665,0.31173121,00:03:54,00:04:16
3,0.765983434,1.342245795,2.9999999999999997e-05,0.95,0.3,0.450783605,0.358708752,0.438754184,0.29399625,0.46250235799999995,0.242234437,0.461932068,0.19712289,0.331472594,0.21429377600000002,0.31336732,0.179990576,0.559208601,0.568871881,0.531504532,0.466974655,0.449950865,0.40943491299999996,0.44821281799999996,0.331896879,00:03:54,00:04:16
4,0.576107434,1.666437325,2.9999999999999997e-05,0.95,0.3,0.446022025,0.31872066,0.41575247200000004,0.29952774600000004,0.472060497,0.251352287,0.43851965200000004,0.243012738,0.32771666,0.175832433,0.269902678,0.16826207199999998,0.516927901,0.53425163,0.508405553,0.484470119,0.46738304399999997,0.313446289,0.44618200700000005,0.302366053,00:03:54,00:04:15
5,0.422994304,2.035136466,2.9999999999999997e-05,0.95,0.3,0.45983928799999996,0.33892019100000004,0.416695434,0.31200479600000003,0.505851743,0.28169890000000003,0.45879950399999997,0.272123503,0.339756569,0.214501675,0.267069877,0.2027164,0.5037371270000001,0.500383527,0.486091719,0.43004920399999996,0.49001171299999996,0.35909666,0.454820636,0.34313007700000003,00:03:54,00:04:16
1,1.279528115,1.328171292,5e-05,0.8,0.3,0.260432782,0.258885667,0.24300347100000003,0.197346834,0.291329671,0.229058745,0.277486871,0.169326704,0.124405269,0.11953531699999999,0.11072321,0.084337349,0.2489236,0.35933430899999996,0.228376154,0.273321221,0.377072588,0.327614298,0.35542765,0.262402062,00:03:54,00:04:16
2,1.031058808,1.40410069,5e-05,0.8,0.3,0.351386485,0.306193655,0.314731853,0.272463315,0.33170722399999997,0.15370912,0.297989514,0.137983882,0.258846356,0.29803832199999997,0.20493302600000002,0.260930017,0.39808057700000005,0.44535732100000003,0.37294940600000004,0.393899314,0.416911782,0.327669859,0.383055465,0.297040049,00:03:54,00:04:16
3,0.7698330840000001,1.432626424,5e-05,0.8,0.3,0.417740196,0.332014712,0.400144531,0.294565466,0.444308683,0.225975323,0.428535648,0.20934089600000003,0.311888646,0.244665313,0.279650939,0.22306616,0.49723802,0.511858218,0.48179245,0.431891439,0.417525434,0.34555999299999995,0.41059908700000003,0.313963368,00:03:54,00:04:16
4,0.529448254,1.701046372,5e-05,0.8,0.3,0.39822140100000003,0.362411555,0.38171064600000004,0.284313851,0.412396882,0.26626139,0.40818405,0.213072178,0.31939346,0.293822603,0.299288868,0.237319095,0.44030945200000005,0.507811806,0.40272266,0.37849596,0.420785811,0.381750419,0.416647005,0.308368171,00:03:55,00:04:16
5,0.396443816,1.865198291,5e-05,0.8,0.3,0.399669961,0.311130179,0.364995284,0.294510809,0.448364435,0.257291924,0.406079656,0.249786906,0.287661143,0.150011232,0.230036209,0.14727691099999998,0.368788,0.46163959299999996,0.36794829,0.408507425,0.493866268,0.375577967,0.455916981,0.37247199200000003,00:03:55,00:04:16
1,1.236416867,1.23127432,5e-05,0.9,0.3,0.336665579,0.28562894,0.318903514,0.21656106100000003,0.37158726,0.16356581,0.36462036200000003,0.131159954,0.24085443899999998,0.186029273,0.22074693,0.145003183,0.238985588,0.394975663,0.206772537,0.25554933,0.495235029,0.397945015,0.483474229,0.334531777,00:03:54,00:04:16
2,0.997889705,1.47934017,5e-05,0.9,0.3,0.381338661,0.313475581,0.34098385700000006,0.273321932,0.473443018,0.247190515,0.42275214899999997,0.22608746300000002,0.267019008,0.21445414100000001,0.21563656399999998,0.191332788,0.34702658200000003,0.45323766600000004,0.325549221,0.369768903,0.43786603399999996,0.33902000200000004,0.399997492,0.306098573,00:03:55,00:04:16
3,0.732497718,1.505696396,5e-05,0.9,0.3,0.363765386,0.287513687,0.34630699299999995,0.253462435,0.452036801,0.231280271,0.43417647299999995,0.21411656199999998,0.25421361800000003,0.189418123,0.22305085300000002,0.16681041900000002,0.290081831,0.39112163200000005,0.28219908,0.320679797,0.458729294,0.33823472,0.445801565,0.312242964,00:03:55,00:04:16
4,0.548610137,1.6844236469999998,5e-05,0.9,0.3,0.39184620700000006,0.314941696,0.366061531,0.271408599,0.442560916,0.21055328,0.42009082299999995,0.196516878,0.295068782,0.237767134,0.252589338,0.210252238,0.34655309799999995,0.44503489700000004,0.326383562,0.342996349,0.483202033,0.36641147399999996,0.46518240000000005,0.335868929,00:03:54,00:04:16
5,0.399852724,1.899767363,5e-05,0.9,0.3,0.37699914799999995,0.296756741,0.360868006,0.232045177,0.441332226,0.196721526,0.43657839200000004,0.16802277300000001,0.287920677,0.229448905,0.268381713,0.187637969,0.328394568,0.429258645,0.290260062,0.292078444,0.450349121,0.331597886,0.44825185700000003,0.280441523,00:03:54,00:04:16
1,1.232020333,1.212382287,5e-05,0.95,0.3,0.389932426,0.315671975,0.369245263,0.227648641,0.498245476,0.282652699,0.492468478,0.22129362600000002,0.345012586,0.303079687,0.327256836,0.230320353,0.194713451,0.325305187,0.145726154,0.16996708300000002,0.521758189,0.351650326,0.511529584,0.289013502,00:03:54,00:04:16
2,0.9650868140000001,1.272727676,5e-05,0.95,0.3,0.449200035,0.30219560300000003,0.425239071,0.24608568600000003,0.44535237899999996,0.186075904,0.44007335799999997,0.162082855,0.339390139,0.152860465,0.312297898,0.134844668,0.493390579,0.507151853,0.435880496,0.362752773,0.518667045,0.362694189,0.5127045339999999,0.324662446,00:03:54,00:04:16
3,0.6819280040000001,1.413109937,5e-05,0.95,0.3,0.456985497,0.345259224,0.438407612,0.284157716,0.493188681,0.278853366,0.487774405,0.238090573,0.33387540600000004,0.22203473699999998,0.30802603,0.19200259,0.5336215910000001,0.534007762,0.493540486,0.41431562200000005,0.467256309,0.34614103,0.46428952799999995,0.292222081,00:03:54,00:04:16
4,0.488519793,1.783247766,5e-05,0.95,0.3,0.410637719,0.279044672,0.374067453,0.236888839,0.44275131700000003,0.204034327,0.413842571,0.192933475,0.334810163,0.134281894,0.279510665,0.127472976,0.370132395,0.43342552100000004,0.328494761,0.301796185,0.49485700200000005,0.34443694399999997,0.474421814,0.32535272,00:03:54,00:04:16
5,0.355609574,2.08086259,5e-05,0.95,0.3,0.416704185,0.34437553600000004,0.382279031,0.30477284600000004,0.404162284,0.230094713,0.373382162,0.20845962699999998,0.311883978,0.281046218,0.249887688,0.251022746,0.511581776,0.532963325,0.49467290700000005,0.459006763,0.43918870200000004,0.33339788800000003,0.411173368,0.300602247,00:03:54,00:04:16
