,epoch,Training Loss,Valid. Loss,Pearson,Pearson Some,Kappa,Kappa Some,Learning Rate,Weight Decay,Dropout,Epsilon,Training Time,Validation Time
0,1,1.0403754993488914,1.039361834526062,0.0,0.0,0.0,0.0,2e-05,0.8,0.1,1e-06,0:00:28,0:00:29
1,2,1.0227164375154596,1.0474501848220825,0.0,0.0,0.0,0.0,2e-05,0.8,0.1,1e-06,0:00:28,0:00:29
2,3,0.9913293029132643,0.9793549180030823,0.0,0.0,0.0,0.0,2e-05,0.8,0.1,1e-06,0:00:28,0:00:29
3,4,0.8054005038319972,0.9037933945655823,0.46833690241492554,0.2885021900564332,0.46302071241678333,0.21606989048849512,2e-05,0.8,0.1,1e-06,0:00:28,0:00:29
4,5,0.6765831238345096,0.9296144843101501,0.48606542676767706,0.3651389568463556,0.47884336273305794,0.28907404918693735,2e-05,0.8,0.1,1e-06,0:00:28,0:00:29
5,6,0.5219259277770394,1.0503498315811157,0.5246907368379733,0.3432731947112018,0.5157709836031563,0.29914678739334843,2e-05,0.8,0.1,1e-06,0:00:28,0:00:29
6,7,0.4224770738367449,1.1466848850250244,0.5155600273861721,0.3893963623215467,0.515426286972392,0.2992160922940392,2e-05,0.8,0.1,1e-06,0:00:28,0:00:29
7,1,1.0651545315458064,1.0406721830368042,0.0,0.0,0.0,0.0,2e-05,0.8,0.1,1e-07,0:00:28,0:00:29
8,2,1.0073220322006626,0.9940018653869629,0.0,0.0,0.0,0.0,2e-05,0.8,0.1,1e-07,0:00:28,0:00:29
9,3,0.8517942940979674,0.9387748837471008,0.4591726560131737,0.2879852657977642,0.44982751643702246,0.19062544522011682,2e-05,0.8,0.1,1e-07,0:00:28,0:00:29
10,4,0.6963597509944648,0.9331029057502747,0.49369301819305766,0.4192885819132588,0.49196244664019817,0.3383390627827032,2e-05,0.8,0.1,1e-07,0:00:28,0:00:29
11,5,0.5576450835194504,1.0346193313598633,0.5102388748449533,0.4430587040291738,0.49164683580042745,0.27742438011164483,2e-05,0.8,0.1,1e-07,0:00:28,0:00:29
12,6,0.4492038781182808,0.9848252534866333,0.5584615114502806,0.4262681743538248,0.5519791477238285,0.3096712720343021,2e-05,0.8,0.1,1e-07,0:00:28,0:00:29
13,7,0.353050343038743,1.087439775466919,0.539333602683278,0.42971788549917056,0.5327949826812322,0.3071623137317737,2e-05,0.8,0.1,1e-07,0:00:28,0:00:29
14,1,1.0243315675802398,1.0280855894088745,0.0,0.0,0.0,0.0,2e-05,0.8,0.1,1e-08,0:00:28,0:00:29
15,2,0.9227977834249798,0.8882027268409729,0.3201625662826943,0.33519523032637544,0.20416199328959217,0.09851930707442169,2e-05,0.8,0.1,1e-08,0:00:28,0:00:29
16,3,0.735720131480903,0.8476238250732422,0.5791298508581247,0.4351492334862931,0.5660916454910943,0.36976917349218164,2e-05,0.8,0.1,1e-08,0:00:28,0:00:29
17,4,0.5936125323437808,0.921303391456604,0.5651006592985229,0.4216502719450303,0.5648171205357972,0.3455443857556654,2e-05,0.8,0.1,1e-08,0:00:28,0:00:29
18,5,0.47749563345783635,0.8623059391975403,0.6186275323494247,0.46482806720352593,0.6183630874593271,0.388817124930799,2e-05,0.8,0.1,1e-08,0:00:28,0:00:29
19,6,0.37554125069526206,1.1781408786773682,0.5557608055967211,0.41332370385054146,0.5514483497625878,0.30397003745318363,2e-05,0.8,0.1,1e-08,0:00:28,0:00:29
20,7,0.30823050204076263,1.36052668094635,0.5587881702173718,0.38976128021200346,0.5537707102282807,0.28851235815327225,2e-05,0.8,0.1,1e-08,0:00:28,0:00:29
21,1,1.0357741839007328,1.0250838994979858,0.0,0.0,0.0,0.0,2e-05,0.85,0.1,1e-06,0:00:28,0:00:29
22,2,0.9472324398525974,0.9367713332176208,0.15966665888521447,0.23479356328889633,0.08171008993613227,0.04798312681254946,2e-05,0.85,0.1,1e-06,0:00:28,0:00:29
23,3,0.7560055742138311,0.9280824661254883,0.4857101108425816,0.39933025003382266,0.48058791752030905,0.2764408968188755,2e-05,0.85,0.1,1e-06,0:00:28,0:00:29
24,4,0.6248383467134676,0.9377149343490601,0.4815221731458593,0.43171049575666604,0.46595031560863,0.26649076517150394,2e-05,0.85,0.1,1e-06,0:00:28,0:00:30
25,5,0.5013607034557744,0.9898689985275269,0.5261640368833568,0.31392660797043787,0.5187408357771262,0.27074092327911947,2e-05,0.85,0.1,1e-06,0:00:28,0:00:29
26,6,0.41074700026135696,0.9471839666366577,0.5934878682290433,0.4001718128704929,0.590881356476501,0.3216821409066084,2e-05,0.85,0.1,1e-06,0:00:28,0:00:29
27,7,0.3267621154847898,1.1756842136383057,0.5309199311657326,0.3454837201017723,0.5279670895846015,0.2596169322388542,2e-05,0.85,0.1,1e-06,0:00:28,0:00:29
28,1,1.0290306733365644,1.0314068794250488,0.0,0.0,0.0,0.0,2e-05,0.85,0.1,1e-07,0:00:27,0:00:29
29,2,0.9423832328696,0.9033712148666382,0.37598631995990867,0.30496058809980064,0.3595789652571987,0.17446307737569866,2e-05,0.85,0.1,1e-07,0:00:28,0:00:29
30,3,0.7781775975436495,0.8664678931236267,0.4965964694960051,0.41649904439791485,0.49410426485344894,0.2980251346499102,2e-05,0.85,0.1,1e-07,0:00:27,0:00:29
31,4,0.6527719884588007,0.9311766624450684,0.5200660376172248,0.3844667522735429,0.5093757833046204,0.2605215951428177,2e-05,0.85,0.1,1e-07,0:00:27,0:00:29
32,5,0.5436953185943135,0.940759003162384,0.5154436036178777,0.3572759414675011,0.48571031626877237,0.21829615211858067,2e-05,0.85,0.1,1e-07,0:00:27,0:00:29
33,6,0.45445518430910614,1.0137990713119507,0.5590688211949396,0.4380998371358647,0.5571281160877131,0.3311678267594741,2e-05,0.85,0.1,1e-07,0:00:27,0:00:29
34,7,0.37873148081595437,1.067903995513916,0.6116161567356562,0.46486325123098604,0.6028552779126011,0.349543024659424,2e-05,0.85,0.1,1e-07,0:00:27,0:00:29
35,1,1.0303627984565602,1.0423768758773804,0.0,0.0,0.0,0.0,2e-05,0.85,0.1,1e-08,0:00:28,0:00:29
36,2,0.9529553829577931,0.9450832605361938,0.36440360145143164,0.2804991091305196,0.31860827834433114,0.13548387096774195,2e-05,0.85,0.1,1e-08,0:00:27,0:00:29
37,3,0.761372906597037,0.8910301327705383,0.4865924217405946,0.3803625607345241,0.48292896833825516,0.26691063628851386,2e-05,0.85,0.1,1e-08,0:00:28,0:00:29
38,4,0.6173428866946906,0.9136345982551575,0.518425741019817,0.363517326805571,0.5165325939988255,0.27231971307800684,2e-05,0.85,0.1,1e-08,0:00:28,0:00:29
39,5,0.4657686942240648,0.9646348357200623,0.5290389513910803,0.36492277166949616,0.5283119138329804,0.2781198378134855,2e-05,0.85,0.1,1e-08,0:00:28,0:00:29
40,6,0.3902447438030912,1.0108147859573364,0.5759119379800928,0.4434649097846208,0.5713515372231514,0.32701073371562994,2e-05,0.85,0.1,1e-08,0:00:28,0:00:29
41,7,0.3173569286601585,1.052270531654358,0.5057787923412955,0.35915046238931914,0.4819126997765939,0.2235607227903068,2e-05,0.85,0.1,1e-08,0:00:28,0:00:29
42,1,1.0348435483480756,1.0201513767242432,0.0,0.0,0.0,0.0,2e-05,0.9,0.1,1e-06,0:00:28,0:00:29
43,2,1.0058252414067586,1.0453166961669922,0.0,0.0,0.0,0.0,2e-05,0.9,0.1,1e-06,0:00:28,0:00:29
44,3,0.9513725973012155,0.9597415924072266,0.21523579817436794,0.12972816099701173,0.08404915415243441,0.023515417696038043,2e-05,0.9,0.1,1e-06,0:00:28,0:00:29
45,4,0.7393249299442559,0.8840742111206055,0.4198211148797597,0.32037495795319937,0.35785736642841526,0.15349028477433946,2e-05,0.9,0.1,1e-06,0:00:28,0:00:29
46,5,0.5849199681951288,0.9496360421180725,0.5476918854410574,0.3553524937187112,0.5460107511670675,0.2739608627338951,2e-05,0.9,0.1,1e-06,0:00:28,0:00:29
47,6,0.4492182846654925,0.9610846042633057,0.5480702979745014,0.41652854464407224,0.5303651729113295,0.27675061872179363,2e-05,0.9,0.1,1e-06,0:00:28,0:00:29
48,7,0.3623339495899385,1.1334993839263916,0.5559830592469757,0.351679041141408,0.550424601778805,0.2816735415439009,2e-05,0.9,0.1,1e-06,0:00:28,0:00:29
49,1,1.0464193188307578,1.0245698690414429,0.0,0.0,0.0,0.0,2e-05,0.9,0.1,1e-07,0:00:28,0:00:29
50,2,1.0166060589907462,1.0267069339752197,0.0,0.0,0.0,0.0,2e-05,0.9,0.1,1e-07,0:00:28,0:00:29
51,3,1.0118584517847027,1.0194584131240845,0.0,0.0,0.0,0.0,2e-05,0.9,0.1,1e-07,0:00:28,0:00:29
52,4,0.9161121970728824,0.9601643085479736,0.31802410592562214,0.26515806529665387,0.3039343995622694,0.14458071592382093,2e-05,0.9,0.1,1e-07,0:00:28,0:00:29
53,5,0.81248630766283,0.9470182657241821,0.3510649827530881,0.3272756413105143,0.32636623575369506,0.1684708355228587,2e-05,0.9,0.1,1e-07,0:00:27,0:00:28
54,6,0.7508715950606162,1.0253522396087646,0.41922176368207986,0.3557318885067425,0.4140693128018442,0.27381773059423686,2e-05,0.9,0.1,1e-07,0:00:23,0:00:24
55,7,0.6569588022273883,0.9918460249900818,0.3832492016981338,0.31181541994919837,0.3800332370729581,0.20680351906158367,2e-05,0.9,0.1,1e-07,0:00:23,0:00:24
56,1,1.057735958643127,1.023785948753357,0.0,0.0,0.0,0.0,2e-05,0.9,0.1,1e-08,0:00:23,0:00:24
57,2,1.0157606057953417,1.0372332334518433,0.0,0.0,0.0,0.0,2e-05,0.9,0.1,1e-08,0:00:23,0:00:24
58,3,1.0016820556239079,1.0143101215362549,0.0,0.0,0.0,0.0,2e-05,0.9,0.1,1e-08,0:00:23,0:00:24
59,4,0.8245313188485932,0.9903618097305298,0.5057623491558199,0.36657082967246163,0.4721618404542023,0.3203016776973989,2e-05,0.9,0.1,1e-08,0:00:23,0:00:24
60,5,0.6828678773160566,0.9929571747779846,0.44720418044822147,0.3029855173496325,0.42537460025615037,0.1811351288868338,2e-05,0.9,0.1,1e-08,0:00:23,0:00:24
61,6,0.5502336809509679,1.031757116317749,0.5535468871162775,0.43727146104711656,0.5511199244698166,0.3580739150437049,2e-05,0.9,0.1,1e-08,0:00:23,0:00:24
62,7,0.40453605510686574,1.0595334768295288,0.5598288457671123,0.38663471195329074,0.5365193394366814,0.2557448804126936,2e-05,0.9,0.1,1e-08,0:00:23,0:00:24
63,1,1.0299436951938428,1.0392454862594604,0.0,0.0,0.0,0.0,2e-05,0.95,0.1,1e-06,0:00:23,0:00:24
64,2,0.9861002899052804,1.0696873664855957,0.24589617960695054,0.25122977516435513,0.22604878394165762,0.17986746607762694,2e-05,0.95,0.1,1e-06,0:00:23,0:00:24
65,3,0.8475629425885385,0.9181362390518188,0.3456721697464644,0.34700764942872403,0.29287152066540745,0.1479673070799279,2e-05,0.95,0.1,1e-06,0:00:23,0:00:24
66,4,0.6914192600208416,1.0321351289749146,0.35963780681322943,0.2866191322584296,0.33021709561165224,0.14646962233169125,2e-05,0.95,0.1,1e-06,0:00:23,0:00:24
67,5,0.6003860120187726,0.9845792651176453,0.42600923119867834,0.3264134371782411,0.38290305247805956,0.16926528323051027,2e-05,0.95,0.1,1e-06,0:00:23,0:00:24
68,6,0.5106692240949262,1.091585636138916,0.540369649503301,0.42443115304072687,0.5273359809169337,0.3685242686713516,2e-05,0.95,0.1,1e-06,0:00:23,0:00:24
69,7,0.45100940319529753,1.011155605316162,0.5163043608727226,0.40318750148595334,0.5129466732270078,0.29292133060066206,2e-05,0.95,0.1,1e-06,0:00:23,0:00:24
70,1,1.0293902043710674,1.0341228246688843,0.0,0.0,0.0,0.0,2e-05,0.95,0.1,1e-07,0:00:23,0:00:24
71,2,1.0102299253145854,1.0848740339279175,0.0,0.0,0.0,0.0,2e-05,0.95,0.1,1e-07,0:00:23,0:00:24
72,3,1.006189437288987,0.9747565984725952,0.0,0.0,0.0,0.0,2e-05,0.95,0.1,1e-07,0:00:23,0:00:24
73,4,0.8295755846458569,0.9002285599708557,0.36292485185162765,0.23412907833755617,0.33444338535289675,0.12417616905534046,2e-05,0.95,0.1,1e-07,0:00:23,0:00:24
74,5,0.6895400134094974,0.9418544173240662,0.4944848164538962,0.3002294907776705,0.4929984255580928,0.2272915802571548,2e-05,0.95,0.1,1e-07,0:00:23,0:00:24
75,6,0.5185333142677943,1.02774178981781,0.5643654885506563,0.41282384754091683,0.5503985905637745,0.3601865251648174,2e-05,0.95,0.1,1e-07,0:00:23,0:00:24
76,7,0.4248360656855399,1.0128188133239746,0.5748959845628627,0.4187272155277814,0.5652394128013327,0.303942417798135,2e-05,0.95,0.1,1e-07,0:00:23,0:00:24
77,1,1.0192445192420692,1.0189878940582275,0.0,0.0,0.0,0.0,2e-05,0.95,0.1,1e-08,0:00:23,0:00:24
78,2,0.9018487491105732,0.9701999425888062,0.4762194409238036,0.3354404403982718,0.45884261822709627,0.26301735647530033,2e-05,0.95,0.1,1e-08,0:00:23,0:00:24
79,3,0.7088562626587717,0.9274643659591675,0.4800528140625538,0.2673576102800243,0.47751987344668745,0.20260342827683975,2e-05,0.95,0.1,1e-08,0:00:23,0:00:24
80,4,0.5472408276900911,1.0007894039154053,0.4792358009497744,0.36455458949873665,0.4091349185905009,0.18015163517030663,2e-05,0.95,0.1,1e-08,0:00:23,0:00:24
81,5,0.43623623121203037,0.9925616979598999,0.5191298403664251,0.4316978423503958,0.4466319542598689,0.21745974088872744,2e-05,0.95,0.1,1e-08,0:00:23,0:00:24
82,6,0.34622143967109814,1.063209056854248,0.5326323274321881,0.35980865253992256,0.531971798605257,0.28018448361060777,2e-05,0.95,0.1,1e-08,0:00:23,0:00:24
83,7,0.26932629629185323,1.1272329092025757,0.5673843252811093,0.4215262724060742,0.5430297908303401,0.27535606387570133,2e-05,0.95,0.1,1e-08,0:00:23,0:00:24
84,1,1.068967000434273,1.0200388431549072,0.0,0.0,0.0,0.0,2e-05,0.8,0.2,1e-06,0:00:23,0:00:24
85,2,1.0205610980067337,1.029166340827942,0.0,0.0,0.0,0.0,2e-05,0.8,0.2,1e-06,0:00:23,0:00:24
86,3,0.9944513105509574,1.0233412981033325,0.12727475566420562,0.1454493436474958,0.028151849369325577,0.014886393314181401,2e-05,0.8,0.2,1e-06,0:00:23,0:00:24
87,4,0.829037722788359,0.8900139331817627,0.4021829467856425,0.3178973938946848,0.3747905481653728,0.17420519506569054,2e-05,0.8,0.2,1e-06,0:00:23,0:00:24
88,5,0.7033533307543972,1.004120111465454,0.38901474556128635,0.3765206606990647,0.3022126473874204,0.15241027614740688,2e-05,0.8,0.2,1e-06,0:00:23,0:00:24
89,6,0.5821026349276827,0.9855297803878784,0.5246222460525857,0.42213117780401027,0.5217964296721944,0.30728406527796204,2e-05,0.8,0.2,1e-06,0:00:23,0:00:24
90,7,0.45464420998305605,1.0286897420883179,0.5852283617653292,0.4581673014100012,0.5810836862082949,0.3836439242260896,2e-05,0.8,0.2,1e-06,0:00:23,0:00:24
91,1,1.0360170623712373,1.0193480253219604,0.0,0.0,0.0,0.0,2e-05,0.8,0.2,1e-07,0:00:23,0:00:24
92,2,0.937452330923917,0.919791579246521,0.3704970411324519,0.3064320770906489,0.3628761984917245,0.20062822981051776,2e-05,0.8,0.2,1e-07,0:00:23,0:00:24
93,3,0.7705669141652292,0.8845440745353699,0.5294093631936776,0.3971210103472119,0.5264012264959191,0.29323703217334207,2e-05,0.8,0.2,1e-07,0:00:23,0:00:24
94,4,0.6336168202391842,0.951842725276947,0.48661340317929075,0.33885209699085533,0.48572184029613963,0.25382262996941896,2e-05,0.8,0.2,1e-07,0:00:23,0:00:24
95,5,0.5355741067936546,0.9486774206161499,0.5329588300216437,0.37484281172380185,0.5015796679186997,0.23105255701940786,2e-05,0.8,0.2,1e-07,0:00:23,0:00:24
96,6,0.4493435629104313,1.0052436590194702,0.5669850094976281,0.413638429545744,0.5543647055828518,0.2920784059614451,2e-05,0.8,0.2,1e-07,0:00:23,0:00:25
97,7,0.37096344143675086,1.018728256225586,0.6126944868786998,0.4622747839903905,0.6110808341795626,0.38832144921950273,2e-05,0.8,0.2,1e-07,0:00:23,0:00:24
98,1,1.0466541679281938,1.0205820798873901,0.0,0.0,0.0,0.0,2e-05,0.8,0.2,1e-08,0:00:23,0:00:24
99,2,1.0173576463732803,1.0311030149459839,0.0,0.0,0.0,0.0,2e-05,0.8,0.2,1e-08,0:00:23,0:00:24
100,3,0.9928072565480283,0.9467854499816895,0.020110513340880983,-0.08931100048530442,0.002987624889371099,-0.006111935737361351,2e-05,0.8,0.2,1e-08,0:00:23,0:00:24
101,4,0.8076853673709067,0.9200031757354736,0.4024604460034214,0.3642216587018503,0.3770337734203483,0.19870967741935486,2e-05,0.8,0.2,1e-08,0:00:23,0:00:24
102,5,0.65687152168207,1.046765685081482,0.3828080550771522,0.30393701199074774,0.28008980910867276,0.11475242470648295,2e-05,0.8,0.2,1e-08,0:00:23,0:00:24
103,6,0.5370432352810576,1.0060017108917236,0.5582058464893941,0.43758160229595705,0.5552173986801703,0.36004257260149,2e-05,0.8,0.2,1e-08,0:00:23,0:00:24
104,7,0.4159357317706995,1.2002025842666626,0.562723900717558,0.39142056829731847,0.52321110983921,0.35827261418162426,2e-05,0.8,0.2,1e-08,0:00:23,0:00:24
105,1,1.0475329390743322,1.0353037118911743,0.0,0.0,0.0,0.0,2e-05,0.85,0.2,1e-06,0:00:23,0:00:24
106,2,1.0224943432891578,1.0228158235549927,0.0,0.0,0.0,0.0,2e-05,0.85,0.2,1e-06,0:00:23,0:00:24
107,3,1.025300329191643,1.032129168510437,0.0,0.0,0.0,0.0,2e-05,0.85,0.2,1e-06,0:00:23,0:00:24
108,4,1.0251507309445165,1.030064344406128,0.0,0.0,0.0,0.0,2e-05,0.85,0.2,1e-06,0:00:23,0:00:24
109,5,1.0174628893534343,1.0780975818634033,0.0,0.0,0.0,0.0,2e-05,0.85,0.2,1e-06,0:00:23,0:00:24
110,6,1.0227738106459903,1.042750597000122,0.0,0.0,0.0,0.0,2e-05,0.85,0.2,1e-06,0:00:23,0:00:24
111,7,0.99612337664554,1.0093756914138794,0.0,0.0,0.0,0.0,2e-05,0.85,0.2,1e-06,0:00:23,0:00:24
112,1,1.0586030943351878,1.0268362760543823,0.0,0.0,0.0,0.0,2e-05,0.85,0.2,1e-07,0:00:23,0:00:24
113,2,1.0263596239842867,1.02742600440979,0.0,0.0,0.0,0.0,2e-05,0.85,0.2,1e-07,0:00:23,0:00:24
114,3,0.9951437215010325,0.9970142841339111,0.0,0.0,0.0,0.0,2e-05,0.85,0.2,1e-07,0:00:23,0:00:24
115,4,0.8057879868306612,0.8927720785140991,0.42537311323590904,0.35062606805365076,0.4003687284605587,0.19786989662733623,2e-05,0.85,0.2,1e-07,0:00:23,0:00:24
116,5,0.622319033271388,0.8852458000183105,0.5335454171556583,0.39387308048753855,0.5261113962562844,0.31730108561220294,2e-05,0.85,0.2,1e-07,0:00:23,0:00:24
117,6,0.46931452604762297,1.003373384475708,0.5732648355185985,0.42456527369081193,0.5702967279929912,0.3197908887229275,2e-05,0.85,0.2,1e-07,0:00:23,0:00:24
118,7,0.35074204598602493,1.048707365989685,0.557061200837689,0.4552362590806793,0.5487607626578659,0.3223755621026516,2e-05,0.85,0.2,1e-07,0:00:23,0:00:24
119,1,1.0403262230387904,1.027978539466858,0.0,0.0,0.0,0.0,2e-05,0.85,0.2,1e-08,0:00:23,0:00:24
120,2,1.0042141707319963,1.0000296831130981,0.06593824644945546,0.03984147629616052,0.016822534466362615,0.0038654133356760267,2e-05,0.85,0.2,1e-08,0:00:23,0:00:25
121,3,0.8497876953660396,0.8842272162437439,0.5087305197119173,0.36936268310389314,0.4791271547627596,0.22278616268198204,2e-05,0.85,0.2,1e-08,0:00:23,0:00:24
122,4,0.7076202447999987,0.8452502489089966,0.5240976839040863,0.39616388216060366,0.4591981332391608,0.2084731022487265,2e-05,0.85,0.2,1e-08,0:00:23,0:00:24
123,5,0.5800447495360124,0.9197896718978882,0.5427209704778503,0.4182235421354442,0.48824655777000614,0.2296001180463333,2e-05,0.85,0.2,1e-08,0:00:23,0:00:24
124,6,0.4716359057970214,0.928955614566803,0.5818071408131757,0.4277573298033415,0.5793295226324733,0.3245901639344262,2e-05,0.85,0.2,1e-08,0:00:23,0:00:24
125,7,0.39763268593110535,1.064965009689331,0.5399958316334201,0.3839167316592229,0.5292231004884829,0.2653721682847896,2e-05,0.85,0.2,1e-08,0:00:23,0:00:24
126,1,1.0490214709650005,1.023412823677063,0.0,0.0,0.0,0.0,2e-05,0.9,0.2,1e-06,0:00:24,0:00:25
127,2,0.9777839173350418,0.9260287880897522,0.18729744797699238,0.2653228242784397,0.041615124525812286,0.02237136465324374,2e-05,0.9,0.2,1e-06,0:00:23,0:00:25
128,3,0.7871414977207518,0.8727744817733765,0.43793743771318383,0.3805885657712304,0.42676964233085724,0.2358162408540243,2e-05,0.9,0.2,1e-06,0:00:23,0:00:25
129,4,0.6451121605279153,0.8850045800209045,0.4945592921824342,0.3486321441589253,0.49136031695182303,0.2755905511811023,2e-05,0.9,0.2,1e-06,0:00:24,0:00:25
130,5,0.5250620834137264,1.0053678750991821,0.5102706464392405,0.44018472439030065,0.45162782217360176,0.22969187675070024,2e-05,0.9,0.2,1e-06,0:00:24,0:00:25
131,6,0.42590482898971493,0.9857734441757202,0.5808949451098323,0.46509405934554193,0.5572261555972863,0.3040567679742938,2e-05,0.9,0.2,1e-06,0:00:23,0:00:25
132,7,0.33093815048535663,1.0862010717391968,0.5824626672760214,0.46809467322889386,0.5259875459351582,0.2654545454545455,2e-05,0.9,0.2,1e-06,0:00:23,0:00:25
133,1,1.067784375266025,1.022321105003357,0.0,0.0,0.0,0.0,2e-05,0.9,0.2,1e-07,0:00:23,0:00:24
134,2,1.0212224397742957,1.0572295188903809,0.0,0.0,0.0,0.0,2e-05,0.9,0.2,1e-07,0:00:23,0:00:24
135,3,0.9520318257181268,0.9289363026618958,0.36576143612510365,0.24150050273907075,0.2997150835613137,0.10204558737580349,2e-05,0.9,0.2,1e-07,0:00:23,0:00:24
136,4,0.7709144505492428,0.9248957633972168,0.4259455023430494,0.2654685701821909,0.4223978205153035,0.19440594683129642,2e-05,0.9,0.2,1e-07,0:00:23,0:00:24
137,5,0.6333159014844058,0.9430516362190247,0.4639286546472311,0.3335234794460727,0.43419538392685886,0.19334301351502292,2e-05,0.9,0.2,1e-07,0:00:23,0:00:24
138,6,0.5398665002563543,0.9955610632896423,0.5477460023059355,0.40890009389832066,0.5305328757705143,0.3490242812453449,2e-05,0.9,0.2,1e-07,0:00:23,0:00:24
139,7,0.44477359506121855,1.0072550773620605,0.5833431250946222,0.3961818456302599,0.5816727676727391,0.3368740515933233,2e-05,0.9,0.2,1e-07,0:00:23,0:00:24
140,1,1.075232812187128,1.083077073097229,0.0,0.0,0.0,0.0,2e-05,0.9,0.2,1e-08,0:00:23,0:00:24
141,2,1.020963568436472,1.0209704637527466,0.0,0.0,0.0,0.0,2e-05,0.9,0.2,1e-08,0:00:23,0:00:24
142,3,0.9421929445183068,1.0136603116989136,0.4404846224818732,0.3532513872977088,0.3077540745241867,0.1093394077448746,2e-05,0.9,0.2,1e-08,0:00:23,0:00:24
143,4,0.7972743275918459,0.8880106210708618,0.4243428470316724,0.42147352631623186,0.3292147386524056,0.16815179788237766,2e-05,0.9,0.2,1e-08,0:00:23,0:00:24
144,5,0.6408079878280037,0.9152482151985168,0.5420099141926463,0.4168817357726961,0.5353391931485239,0.2935257513570766,2e-05,0.9,0.2,1e-08,0:00:23,0:00:24
145,6,0.5193208022075787,0.9453198909759521,0.5451411774912026,0.4288326533817998,0.5449145983693597,0.33536121673003805,2e-05,0.9,0.2,1e-08,0:00:23,0:00:24
146,7,0.4663780305469245,1.00099778175354,0.5712398921899757,0.44301859443268077,0.5631390959984464,0.32597827960696424,2e-05,0.9,0.2,1e-08,0:00:23,0:00:24
147,1,1.0306353914110284,1.0436420440673828,0.0,0.0,0.0,0.0,2e-05,0.95,0.2,1e-06,0:00:23,0:00:24
148,2,1.0374039620683904,1.0348753929138184,0.0,0.0,0.0,0.0,2e-05,0.95,0.2,1e-06,0:00:23,0:00:24
149,3,1.019147349031348,1.030579924583435,0.0,0.0,0.0,0.0,2e-05,0.95,0.2,1e-06,0:00:23,0:00:24
150,4,1.0110733550891542,1.0096372365951538,0.0,0.0,0.0,0.0,2e-05,0.95,0.2,1e-06,0:00:23,0:00:24
151,5,0.8997568357409093,0.8947198390960693,0.44686974600453105,0.2816633768353279,0.4394736123251748,0.18921049667755385,2e-05,0.95,0.2,1e-06,0:00:23,0:00:24
152,6,0.6784400526891675,0.9284538626670837,0.5125813785638915,0.3765267217989032,0.5098446842715669,0.28321815099752246,2e-05,0.95,0.2,1e-06,0:00:23,0:00:24
153,7,0.5375812832723584,0.9436966180801392,0.5434829885347834,0.41113917483768386,0.5421307399179014,0.3092398333093834,2e-05,0.95,0.2,1e-06,0:00:23,0:00:24
154,1,1.0464064081509907,1.0213596820831299,0.0,0.0,0.0,0.0,2e-05,0.95,0.2,1e-07,0:00:23,0:00:24
155,2,0.919104304230004,0.9223732352256775,0.41055234271106916,0.3315113547222548,0.40453677562543855,0.21923620933521915,2e-05,0.95,0.2,1e-07,0:00:23,0:00:24
156,3,0.7242981995406904,0.8728033900260925,0.5560149632475087,0.4030032052412739,0.5302777278215965,0.25977774570645107,2e-05,0.95,0.2,1e-07,0:00:23,0:00:24
157,4,0.5561724979626504,1.0058039426803589,0.5227321342520822,0.32584566733833326,0.5170479365444304,0.23301770275833678,2e-05,0.95,0.2,1e-07,0:00:23,0:00:24
158,5,0.4105620133249383,1.0448881387710571,0.5854640908012901,0.45629952428345305,0.5620126762167018,0.30203732725459465,2e-05,0.95,0.2,1e-07,0:00:23,0:00:24
159,6,0.35231707088257136,1.1394915580749512,0.5587116774902636,0.3896411760441269,0.5242574083198424,0.2430962941765632,2e-05,0.95,0.2,1e-07,0:00:23,0:00:24
160,7,0.27735267553413123,1.2170007228851318,0.5973196032628876,0.3955815326696923,0.590043612824753,0.3034028148939961,2e-05,0.95,0.2,1e-07,0:00:23,0:00:24
161,1,1.0350894781581141,1.0458472967147827,0.0,0.0,0.0,0.0,2e-05,0.95,0.2,1e-08,0:00:23,0:00:24
162,2,1.0167805196946127,1.0293935537338257,0.0,0.0,0.0,0.0,2e-05,0.95,0.2,1e-08,0:00:23,0:00:24
163,3,0.9605732675184283,0.9591273665428162,0.40542689892638933,0.2814811168147182,0.39840976404874073,0.17936050500891998,2e-05,0.95,0.2,1e-08,0:00:23,0:00:24
164,4,0.7601603405517444,0.8773778676986694,0.4904453744694478,0.316633941790446,0.48278154500731285,0.22051631979984077,2e-05,0.95,0.2,1e-08,0:00:23,0:00:24
165,5,0.5978618551764572,0.9604591131210327,0.5550735363343252,0.41540479471365577,0.5365753911806543,0.36844732900649024,2e-05,0.95,0.2,1e-08,0:00:23,0:00:24
166,6,0.43180328450704875,1.0229003429412842,0.5405476263092088,0.3741506877064621,0.5386056542103312,0.2943218103567957,2e-05,0.95,0.2,1e-08,0:00:23,0:00:24
167,7,0.3270678180351592,1.1235010623931885,0.5643516027659058,0.4427788236941071,0.5596133445223808,0.36992253920272056,2e-05,0.95,0.2,1e-08,0:00:23,0:00:24
168,1,1.0355120311703598,1.0323569774627686,0.0,0.0,0.0,0.0,2e-05,0.8,0.3,1e-06,0:00:23,0:00:24
169,2,1.0260234119599325,1.0509542226791382,0.0,0.0,0.0,0.0,2e-05,0.8,0.3,1e-06,0:00:23,0:00:24
170,3,0.9957763500380934,0.9521675109863281,0.40993889304614695,0.2822202565824014,0.21606507908036754,0.06602839220864976,2e-05,0.8,0.3,1e-06,0:00:23,0:00:24
171,4,0.84190854587053,0.8846609592437744,0.425195039006507,0.32881075826743666,0.34754387480056914,0.1457070428744628,2e-05,0.8,0.3,1e-06,0:00:23,0:00:24
172,5,0.715385318325277,0.913857102394104,0.5404150375322723,0.3974870497277964,0.5362573429545824,0.2965387035871617,2e-05,0.8,0.3,1e-06,0:00:23,0:00:24
173,6,0.5798782518035487,0.9161359667778015,0.5372538054134263,0.4532877592927234,0.5165467210034973,0.2882188869703811,2e-05,0.8,0.3,1e-06,0:00:23,0:00:24
174,7,0.49842274920982227,1.0422589778900146,0.580310009041903,0.4335325933853554,0.5681397178237921,0.37373580208495405,2e-05,0.8,0.3,1e-06,0:00:23,0:00:24
175,1,1.0483910085862143,1.066693663597107,0.0,0.0,0.0,0.0,2e-05,0.8,0.3,1e-07,0:00:23,0:00:24
176,2,1.0318303798374378,1.04629385471344,0.0,0.0,0.0,0.0,2e-05,0.8,0.3,1e-07,0:00:23,0:00:24
177,3,1.0245243635093957,1.0391724109649658,0.0,0.0,0.0,0.0,2e-05,0.8,0.3,1e-07,0:00:23,0:00:24
178,4,1.0315363375764144,1.0283676385879517,0.0,0.0,0.0,0.0,2e-05,0.8,0.3,1e-07,0:00:23,0:00:24
179,5,1.0228742737519114,1.0263921022415161,0.0,0.0,0.0,0.0,2e-05,0.8,0.3,1e-07,0:00:23,0:00:24
180,6,1.017416562950402,1.046798586845398,0.0,0.0,0.0,0.0,2e-05,0.8,0.3,1e-07,0:00:23,0:00:24
181,7,1.0162930781381172,1.060866117477417,0.0,0.0,0.0,0.0,2e-05,0.8,0.3,1e-07,0:00:23,0:00:24
182,1,1.0655877192815144,1.0298762321472168,0.0,0.0,0.0,0.0,2e-05,0.8,0.3,1e-08,0:00:23,0:00:24
183,2,1.0202873955693161,1.0316801071166992,0.0,0.0,0.0,0.0,2e-05,0.8,0.3,1e-08,0:00:23,0:00:24
184,3,1.027926975174954,1.031690001487732,0.0,0.0,0.0,0.0,2e-05,0.8,0.3,1e-08,0:00:23,0:00:24
185,4,0.9374670219003108,0.9104857444763184,0.2568453700272789,0.1469281047826531,0.18949605996900432,0.051044083526682105,2e-05,0.8,0.3,1e-08,0:00:23,0:00:24
186,5,0.7947431520411843,0.8753337264060974,0.4823620485709675,0.3787408491306286,0.4478412282982597,0.21514651782316385,2e-05,0.8,0.3,1e-08,0:00:23,0:00:24
187,6,0.6514095454885248,0.9695099592208862,0.5164428358439092,0.3886804148423213,0.5140321748662067,0.2948602344454463,2e-05,0.8,0.3,1e-08,0:00:23,0:00:24
188,7,0.5733057401682201,1.0337252616882324,0.5275950377437469,0.38155330517117547,0.5217285712117302,0.3315392895586652,2e-05,0.8,0.3,1e-08,0:00:23,0:00:24
189,1,1.052135846071076,1.0495861768722534,0.0,0.0,0.0,0.0,2e-05,0.85,0.3,1e-06,0:00:23,0:00:24
190,2,1.0072030195018702,0.985135018825531,0.18022608555713895,0.2064512862619228,0.037703320972982235,0.02002986910304838,2e-05,0.85,0.3,1e-06,0:00:23,0:00:24
191,3,0.8199714704563743,0.8815092444419861,0.5182233345133656,0.3686844914106794,0.5137929394822468,0.2673169527102113,2e-05,0.85,0.3,1e-06,0:00:23,0:00:24
192,4,0.6852708851036272,0.9071682691574097,0.5394781979010053,0.38597541611809194,0.5370575940315822,0.2999599519423307,2e-05,0.85,0.3,1e-06,0:00:23,0:00:24
193,5,0.5909711221853892,0.8965240716934204,0.547237465103571,0.3927185994853763,0.5287971654243471,0.2687979996427933,2e-05,0.85,0.3,1e-06,0:00:23,0:00:24
194,6,0.5053288570621557,0.9808012843132019,0.5913906332587695,0.4228430812245867,0.5842373750621508,0.3097041589252538,2e-05,0.85,0.3,1e-06,0:00:23,0:00:24
195,7,0.4452840560360959,0.9514161944389343,0.6036186369121058,0.4145243464927274,0.5985610057083475,0.37309895318980835,2e-05,0.85,0.3,1e-06,0:00:23,0:00:25
196,1,1.0773332641835798,1.03013014793396,0.0,0.0,0.0,0.0,2e-05,0.85,0.3,1e-07,0:00:23,0:00:24
197,2,1.021649602212404,1.039042592048645,0.0,0.0,0.0,0.0,2e-05,0.85,0.3,1e-07,0:00:23,0:00:24
198,3,0.9317446685673898,0.9508445858955383,0.26875635363143147,0.3282967721357477,0.1848274231893412,0.10306406685236758,2e-05,0.85,0.3,1e-07,0:00:23,0:00:24
199,4,0.7489621926817978,0.8858526349067688,0.4243380908687562,0.3377292035834361,0.3915392819054391,0.18351822503961968,2e-05,0.85,0.3,1e-07,0:00:23,0:00:24
200,5,0.5637797344672052,0.9870055317878723,0.5451320464364803,0.37836388452339503,0.5339702680098555,0.26140012845215166,2e-05,0.85,0.3,1e-07,0:00:23,0:00:25
201,6,0.44086973029270504,0.9791167378425598,0.5905826305210046,0.477371313799699,0.5816371240788687,0.3432501121243834,2e-05,0.85,0.3,1e-07,0:00:23,0:00:25
202,7,0.3494808519618553,1.0504987239837646,0.5821451364024157,0.4609562619433514,0.5554573677124444,0.30441044104410453,2e-05,0.85,0.3,1e-07,0:00:23,0:00:25
203,1,1.0359180025887071,1.0188652276992798,0.0,0.0,0.0,0.0,2e-05,0.85,0.3,1e-08,0:00:23,0:00:24
204,2,0.9930750487143534,0.9841995239257812,0.0,0.0,0.0,0.0,2e-05,0.85,0.3,1e-08,0:00:23,0:00:24
205,3,0.8073719572602657,0.9214193820953369,0.5216742769245807,0.40336142809992953,0.5155483432711903,0.3217665615141956,2e-05,0.85,0.3,1e-08,0:00:23,0:00:24
206,4,0.6375435448268003,0.9067713618278503,0.49992820137280836,0.3344014403060649,0.47029553383275713,0.20228180262407303,2e-05,0.85,0.3,1e-08,0:00:23,0:00:24
207,5,0.4992543602721733,0.9391178488731384,0.5997882346410864,0.46123535508097346,0.5973328493745506,0.3667365478686233,2e-05,0.85,0.3,1e-08,0:00:23,0:00:24
208,6,0.40711318322441037,1.0190157890319824,0.6031735081582951,0.47024471291377606,0.5729104451393037,0.30749739156357125,2e-05,0.85,0.3,1e-08,0:00:23,0:00:24
209,7,0.3058088129026848,1.1416246891021729,0.5650117041152868,0.4814058099453007,0.5630641036875353,0.37254901960784315,2e-05,0.85,0.3,1e-08,0:00:23,0:00:24
210,1,1.0752612624252051,1.0396759510040283,0.0,0.0,0.0,0.0,2e-05,0.9,0.3,1e-06,0:00:23,0:00:24
211,2,1.0394849045234813,1.0266221761703491,0.0,0.0,0.0,0.0,2e-05,0.9,0.3,1e-06,0:00:23,0:00:24
212,3,1.0281932814079418,1.0207034349441528,0.0,0.0,0.0,0.0,2e-05,0.9,0.3,1e-06,0:00:23,0:00:24
213,4,0.9744351673544499,0.9577876925468445,0.0,0.0,0.0,0.0,2e-05,0.9,0.3,1e-06,0:00:23,0:00:24
214,5,0.7822535764752773,0.9801782369613647,0.2991123295256496,0.2649198961431903,0.2499538923260065,0.11197745420385163,2e-05,0.9,0.3,1e-06,0:00:23,0:00:25
215,6,0.6360652953909155,1.0227006673812866,0.5293884070903974,0.3255697031630441,0.5101106056412921,0.2874938534666448,2e-05,0.9,0.3,1e-06,0:00:23,0:00:25
216,7,0.5032101725799996,1.002091646194458,0.5245369672749686,0.40399821424981086,0.5191516096000783,0.2891361458816256,2e-05,0.9,0.3,1e-06,0:00:23,0:00:25
217,1,1.0358584993763973,1.0288803577423096,0.0,0.0,0.0,0.0,2e-05,0.9,0.3,1e-07,0:00:23,0:00:24
218,2,1.015276737380446,1.0512086153030396,0.0,0.0,0.0,0.0,2e-05,0.9,0.3,1e-07,0:00:23,0:00:24
219,3,0.9293434149340579,0.906944990158081,0.25550107636819336,0.2706961606070568,0.1500283242965339,0.07276507276507271,2e-05,0.9,0.3,1e-07,0:00:23,0:00:24
220,4,0.7543655764638332,0.8832767605781555,0.4699777999213436,0.33940078419612135,0.45019282344419864,0.20821010292203945,2e-05,0.9,0.3,1e-07,0:00:23,0:00:24
221,5,0.5919442906191474,0.9507796764373779,0.5497305070370851,0.3890974314343194,0.5474082593345458,0.3087343022435445,2e-05,0.9,0.3,1e-07,0:00:23,0:00:24
222,6,0.4754214671097304,1.0738121271133423,0.5402196567240078,0.351630274223541,0.5398824548151151,0.27339422069172026,2e-05,0.9,0.3,1e-07,0:00:23,0:00:24
223,7,0.3901221511656778,1.1162673234939575,0.5628382154738237,0.4396942601182482,0.5626029623265283,0.3556778389194598,2e-05,0.9,0.3,1e-07,0:00:23,0:00:24
224,1,1.0666657069273162,1.025052785873413,0.0,0.0,0.0,0.0,2e-05,0.9,0.3,1e-08,0:00:23,0:00:24
225,2,1.0279505054155986,1.028673768043518,0.0,0.0,0.0,0.0,2e-05,0.9,0.3,1e-08,0:00:23,0:00:24
226,3,1.0004238915025143,1.0174150466918945,0.0,0.0,0.0,0.0,2e-05,0.9,0.3,1e-08,0:00:23,0:00:24
227,4,0.9113842029320566,0.9239043593406677,0.3469989120094442,0.36064171173923953,0.313056207449404,0.17419354838709677,2e-05,0.9,0.3,1e-08,0:00:23,0:00:24
228,5,0.7312869199535303,0.9713883399963379,0.3067840141163881,0.23407682501090596,0.24278828197433,0.09370494954348874,2e-05,0.9,0.3,1e-08,0:00:23,0:00:24
229,6,0.5727319377556181,0.9441729187965393,0.4880377839311058,0.36725835497767706,0.4855980989689491,0.2839471855455178,2e-05,0.9,0.3,1e-08,0:00:23,0:00:24
230,7,0.4396972099417134,0.9882499575614929,0.55462569812275,0.41826979758862687,0.548625604429114,0.30209727800089237,2e-05,0.9,0.3,1e-08,0:00:23,0:00:24
231,1,1.0439732576671399,1.0406599044799805,0.0,0.0,0.0,0.0,2e-05,0.95,0.3,1e-06,0:00:23,0:00:24
232,2,1.0341796247582686,1.0225046873092651,0.0,0.0,0.0,0.0,2e-05,0.95,0.3,1e-06,0:00:23,0:00:24
233,3,1.0241152194508336,0.9846757054328918,0.0,0.0,0.0,0.0,2e-05,0.95,0.3,1e-06,0:00:23,0:00:24
234,4,0.8505631894396063,0.8967038989067078,0.4926886775131436,0.4367138408588385,0.4101757735721908,0.20113760135544,2e-05,0.95,0.3,1e-06,0:00:23,0:00:24
235,5,0.7111198431567142,0.8718961477279663,0.531320066499684,0.3668966260097779,0.5221011214503315,0.2586745601052459,2e-05,0.95,0.3,1e-06,0:00:23,0:00:24
236,6,0.5634979663187998,0.8692663311958313,0.5952748989849794,0.4282280511295133,0.5871971020737088,0.3152058332067448,2e-05,0.95,0.3,1e-06,0:00:23,0:00:24
237,7,0.46263527530327175,1.0141688585281372,0.5685904207478267,0.3879364343698014,0.529802693363649,0.23952460764894112,2e-05,0.95,0.3,1e-06,0:00:23,0:00:24
238,1,1.0378182425833584,1.0324763059616089,0.0,0.0,0.0,0.0,2e-05,0.95,0.3,1e-07,0:00:23,0:00:24
239,2,1.043416926735326,1.0388100147247314,0.0,0.0,0.0,0.0,2e-05,0.95,0.3,1e-07,0:00:23,0:00:24
240,3,1.031306242733671,1.0187126398086548,0.0,0.0,0.0,0.0,2e-05,0.95,0.3,1e-07,0:00:23,0:00:24
241,4,0.9417027977474949,0.9426867365837097,0.4003170852075311,0.21392845048469356,0.3763466676993378,0.12320306676605253,2e-05,0.95,0.3,1e-07,0:00:23,0:00:24
242,5,0.7086347472249416,0.9066112637519836,0.37769872925409315,0.19222059619630427,0.32812762080048596,0.0926479378362225,2e-05,0.95,0.3,1e-07,0:00:24,0:00:25
243,6,0.5934706471468273,0.9403412938117981,0.4995740943181873,0.3260070700695406,0.49813810291746075,0.24043111786651927,2e-05,0.95,0.3,1e-07,0:00:23,0:00:25
244,7,0.47555389582065116,0.9477824568748474,0.5463239155795925,0.35190500878917397,0.5335676041456435,0.2429906542056075,2e-05,0.95,0.3,1e-07,0:00:23,0:00:25
245,1,1.0436106763387982,1.0267398357391357,0.0,0.0,0.0,0.0,2e-05,0.95,0.3,1e-08,0:00:23,0:00:24
246,2,1.0130987805232667,0.9932779669761658,0.0,0.0,0.0,0.0,2e-05,0.95,0.3,1e-08,0:00:23,0:00:24
247,3,0.8499082515114232,0.943260133266449,0.3325025849516278,0.31454834747471766,0.1959685600781258,0.09339119428623088,2e-05,0.95,0.3,1e-08,0:00:23,0:00:24
248,4,0.6536521859336317,0.9219471216201782,0.5033334642068252,0.45918316418558275,0.484845841527628,0.28383575238804126,2e-05,0.95,0.3,1e-08,0:00:23,0:00:24
249,5,0.5089844627338543,0.9484893679618835,0.5623390066893781,0.4479274650776377,0.5619276289229331,0.3586504390694808,2e-05,0.95,0.3,1e-08,0:00:23,0:00:24
250,6,0.380065020239144,1.0801044702529907,0.5679346592272102,0.4885653736204505,0.5201494771022486,0.28073447138143737,2e-05,0.95,0.3,1e-08,0:00:23,0:00:24
251,7,0.30731902598289024,1.1180477142333984,0.5708092271447677,0.41190201062114357,0.5590539738165331,0.2917628945342571,2e-05,0.95,0.3,1e-08,0:00:23,0:00:24
